Date,粉丝总数,粉丝变化,收入,下载量
2020/9/25,2775881,77037,303,322620
2020/9/26,2851433,75552,173,314471
2020/9/27,2914645,63212,298,310539
2020/9/28,3082228,167583,1844272,324152
2020/9/29,3123877,41649,1828843,328164
2020/9/30,3191348,67471,1809778,316764
2020/10/1,3263579,72231,1816613,325064
2020/10/2,3307185,43606,1821982,318579
2020/10/3,3347651,40466,1818647,261772
2020/10/4,3382243,34592,1813924,112494
2020/10/5,3413670,31427,1816348,113399
2020/10/6,3448931,35261,1815227,112760
2020/10/7,3478212,29281,1817253,113302
2020/10/8,3499479,21267,1784352,116795
2020/10/9,3508548,9069,1804259,115726
2020/10/10,3532168,23620,1805368,110416
2020/10/11,3552147,19979,1782467,109703
2020/10/12,3565160,13013,1515592,115327
2020/10/13,3579272,14112,1803618,121485
2020/10/14,3593761,14489,1815285,111289
2020/10/15,3605777,12016,1814748,116148
2020/10/16,3621249,15472,1675220,107413
2020/10/17,3644346,23097,1490130,97490
2020/10/18,3658153,13807,1194978,79892
2020/10/19,3667674,9521,596879,85312
2020/10/20,3675652,7978,558528,82850
2020/10/21,3682254,6602,1883518,75944
2020/10/22,3690911,8657,1812600,41309
2020/10/23,3700527,9616,1811568,44441
2020/10/24,3716093,15566,1789700,59479
2020/10/25,3728812,12719,1588653,42077
2020/10/26,3734563,5751,1467531,76646
2020/10/27,3740298,5735,787682,46244
2020/10/28,3750511,10213,582008,42546
2020/10/29,3758646,8135,640137,45733
2020/10/30,3794583,35937,608520,44383
2020/10/31,3811308,16725,569720,44375
2020/11/1,3822394,11086,517723,42636
2020/11/2,3826377,3983,517723,47020
2020/11/3,3830451,4074,516723,42326
2020/11/4,3838870,8419,794091,65824
2020/11/5,3844783,5913,551771,76231
2020/11/6,3892116,47333,616097,76435
2020/11/7,3905460,13344,517362,50224
2020/11/8,3915712,10252,676907,59299
2020/11/9,3921567,5855,619261,42625
2020/11/10,3927248,5681,545725,59746
2020/11/11,3935523,8275,1787563,76868
2020/11/12,3941157,5634,1526436,85690
2020/11/13,3949330,8173,1519764,51361
2020/11/14,3963328,13998,1527316,48614
2020/11/15,3973120,9792,1516942,70302
2020/11/16,3973830,710,1259424,61080
2020/11/17,3977461,3631,782494,42153
2020/11/18,3978375,914,717986,42760
2020/11/19,3981137,2762,1321401,41862
2020/11/20,3987230,6093,734101,42438
2020/11/21,3998417,11187,839698,43258
2020/11/22,4005432,7015,784411,36324
2020/11/23,4017591,12159,1008172,35855
2020/11/24,4025105,7514,575016,30407
2020/11/25,4030334,5229,840286,34968
2020/11/26,4034719,4385,519881,38853
2020/11/27,4040724,6005,484099,32394
2020/11/28,4057401,16677,572036,29955
2020/11/29,4069141,11740,569439,31958
2020/11/30,4083661,14520,615465,42531
2020/12/1,4091838,8177,1843299,36931
2020/12/2,4101006,9168,1836356,62966
2020/12/3,4112893,11887,1834525,109889
2020/12/4,4125535,12642,1808728,131160
2020/12/5,4143155,17620,1478552,106689
2020/12/6,4158401,15246,782104,91087
2020/12/7,4161605,3204,716740,79364
2020/12/8,4167753,6148,716097,90855
2020/12/9,4174432,6679,722806,47751
2020/12/10,4180239,5807,716213,45098
2020/12/11,4254470,74231,719324,74742
2020/12/12,4266365,11895,716581,45268
2020/12/13,4275119,8754,571022,53461
2020/12/14,4279658,4539,617770,31241
2020/12/15,4283611,3953,619496,27699
2020/12/16,4288181,4570,791090,23405
2020/12/17,4286976,-1205,517721,25103
2020/12/18,4291777,4801,477296,25232
2020/12/19,4301055,9278,516202,26256
2020/12/20,4305544,4489,770591,25497
2020/12/21,4306304,760,720824,23522
2020/12/22,4307595,1170,517005,22418
2020/12/23,4308707,1060,1840216,34432
2020/12/24,4311047,2486,1814402,29396
2020/12/25,4315541,3899,1521372,24733
2020/12/26,4323698,8069,1208723,25410
2020/12/27,4328929,6026,572752,23882
2020/12/28,4332599,2913,677276,24061
2020/12/29,4336391,3467,566408,24380
2020/12/30,4338886,2462,502406,25459
2020/12/31,4347587,8155,468552,22936
2021/1/1,4358792,12504,357016,26920
2021/1/2,4366847,6930,571046,26928
2021/1/3,4369827,7385,569556,26920
2021/1/4,4372083,1639,572884,19180
2021/1/5,4375507,2953,572339,19273
2021/1/6,4381428,6893,569879,17002
2021/1/7,4389760,6747,569998,17056
2021/1/8,4395254,5366,289467,15887
2021/1/9,4403875,8285,290624,12212
2021/1/10,4409557,6032,291320,14206
2021/1/11,4417220,7380,291314,18823
2021/1/12,4424890,7176,290960,29462
2021/1/13,4431466,7490,571237,24415
2021/1/16,4454856,7600,574756,29583
2021/1/17,4461844,8788,573554,29488
2021/1/18,4467980,5246,571362,29540
2021/1/19,4471597,5749,571420,29428
2021/1/20,4483729,9684,570854,29479
2021/1/21,4487942,10715,572773,26873
2021/1/22,4497614,11167,570452,24428
2021/1/24,4627794,48317,571279,18339
2021/1/25,4637306,8674,570694,16773
2021/1/26,4641751,9896,573905,15932
2021/1/27,4650323,9292,571431,8364
2021/1/28,4663842,11617,574298,9127
2021/1/30,4692092,12482,572225,9331
2021/1/31,4702464,11800,601375,7798
2021/2/1,4711267,10916,569611,10709
2021/2/2,4726085,15064,575983,18813
2021/2/3,4744567,13523,1380779,20129
2021/2/4,4764042,21013,2049577,22494
2021/2/5,4778500,17746,1715270,27346
2021/2/6,4795351,18113,1320794,28031
2021/2/7,4813649,15283,889965,28128
2021/2/8,4829055,14000,758682,27009
2021/2/9,4841765,12072,616606,26910
2021/2/10,4854164,13214,560886,34666
2021/2/11,4869505,15173,518226,36302
2021/2/12,4880089,12713,525155,33519
2021/2/13,4890895,10457,566153,28269
2021/2/14,4898960,6897,519446,25649
2021/2/15,4908132,8401,475256,23314
2021/2/16,4917301,8489,532133,23851
2021/2/17,4928069,9649,630010,24531
2021/2/18,4937698,9532,873854,22923
2021/2/19,4946145,8219,803654,24013
2021/2/20,4952446,6093,484161,22166
2021/2/21,4958290,5945,411527,20867
2021/2/22,4965831,6830,438536,20341
2021/2/23,4970868,7605,447393,20009
2021/2/24,4980130,6366,1696585,19879
2021/2/25,4988913,8926,1398799,20608
2021/2/26,4999666,9551,1051024,21383
2021/2/27,5026047,27395,847388,22269
2021/2/28,5038213,9802,761249,21625
2021/3/1,5047251,8870,617950,20579
2021/3/2,5053470,5938,713263,20947
2021/3/3,5062651,8263,2533228,21035
2021/3/4,5090069,26233,1705126,21049
2021/3/5,5103121,12921,1353071,21506
2021/3/6,5189451,83918,1142338,22498
2021/3/7,5205296,14810,941662,25052
2021/3/8,5212810,8548,778208,24648
2021/3/9,5220089,6735,752718,24469
2021/3/10,5226300,6159,699567,26170
2021/3/11,5232078,5517,752414,26592
2021/3/12,5239109,8058,669019,27298
2021/3/13,5259723,16164,682566,27622
2021/3/14,5272539,13639,690195,31118
2021/3/15,5278550,4850,690537,28717
2021/3/16,5285016,6831,692360,25836
2021/3/17,5296553,10870,1779686,24956
2021/3/18,5305746,8564,3023360,27976
2021/3/20,5333940,13535,1147649,31816
2021/3/21,5344013,9288,841867,33815
2021/3/22,5348705,5774,724169,31575
2021/3/23,5352133,5161,550801,27841
2021/3/24,5363798,8923,512985,26804
2021/3/25,5371390,6808,422889,24713
2021/3/26,5377612,6106,331995,21948
2021/3/27,5390279,12402,343767,30190
2021/3/28,5399237,7867,346113,28721
2021/3/29,5401517,5111,327960,27373
2021/3/30,5406209,3926,311376,22249
2021/3/31,5410722,4141,282971,22279
2021/4/1,5416762,5613,300592,20765
2021/4/2,5425797,9619,317773,20404
2021/4/3,5442542,15102,299644,22194
2021/4/4,5456108,12850,357904,24194
2021/4/5,5461654,5356,374618,23872
2021/4/6,5464002,2701,514545,21915
2021/4/7,5466557,2147,1381253,19211
2021/4/8,5468356,3304,1092652,18854
2021/4/9,5473854,4371,902498,17485
2021/4/10,5483858,9007,667925,19999
2021/4/11,5490844,8666,542156,20628
2021/4/12,5493940,2473,447760,21100
2021/4/13,5496847,2726,333733,17420
2021/4/14,5501722,4338,291085,16762
2021/4/15,5509805,7260,269321,17327
2021/4/16,5583544,68205,222513,15983
2021/4/17,5596445,12479,237609,19914
2021/4/18,5602029,12789,277483,19280
2021/4/19,5606761,3556,253220,18941
2021/4/20,5608877,1825,220575,16104
2021/4/21,5610876,2131,207216,15686
2021/4/22,5614796,3494,171305,14276
2021/4/23,5620131,6114,137290,13437
2021/4/24,5629242,8694,149921,17607
2021/4/25,5630706,1285,154885,17868
2021/4/26,5629826,-526,159862,16613
2021/4/27,5634088,4071,162441,15188
2021/4/28,5637890,3692,2336547,17548
2021/4/29,5640676,2651,2039040,18529
2021/4/30,5649944,8529,1232112,17811
2021/5/1,5662719,15359,856108,20016
2021/5/2,5676422,11443,628092,20061
2021/5/3,5684808,8560,571962,21198
2021/5/4,5692482,7635,477370,20411
2021/5/5,5697863,4727,421262,19086
2021/5/6,5698359,775,377849,18877
2021/5/7,5701362,2735,300284,16448
2021/5/8,5705126,4187,235872,15484
2021/5/9,5709365,3294,273711,17838
2021/5/10,5710218,1250,284198,18597
2021/5/11,5711747,1460,290715,16051
2021/5/12,5714828,3040,303629,16365
2021/5/13,5717559,3017,279329,15043
2021/5/14,5730880,12006,214820,16033
2021/5/15,5744014,12784,205315,18519
2021/5/16,5747795,7186,228283,18487
2021/5/17,5753205,4742,245580,18825
2021/5/18,5757170,4261,466295,16607
2021/5/19,5761064,3522,2383433,16324
2021/5/20,5763150,4131,1415039,16898
2021/5/21,5770653,5747,1142394,16093
2021/5/22,5780918,8160,923256,20428
2021/5/23,5788979,7630,839879,21701
2021/5/24,5792607,3290,741394,23403
2021/5/25,5796922,4439,628345,26967
2021/5/26,5802995,6616,571403,27055
2021/5/27,5809225,5417,546588,25689
2021/5/28,5840603,30151,544634,25976
2021/5/29,5852883,12072,489602,21852
2021/5/30,5861397,8454,515992,23246
2021/5/31,5865492,3865,490351,21570
2021/6/1,5870714,4694,419506,21147
2021/6/2,5873818,2912,427666,19239
2021/6/3,5878517,5494,415996,18627
2021/6/4,5886692,6336,446624,17211
2021/6/5,5897572,10682,431090,18861
2021/6/6,5906766,9209,440955,18732
2021/6/7,5912412,7313,491213,18727
2021/6/8,5923345,9119,498313,18142
2021/6/9,5934625,10795,818311,24246
2021/6/10,5944805,11371,1595130,26748
2021/6/11,5956219,9849,875795,27391
2021/6/12,5970144,14043,536301,27308
2021/6/13,5984211,13335,454665,26459
2021/6/14,5992742,13579,417035,26456
2021/6/15,6000233,5896,345480,26090
2021/6/16,6007717,7090,297418,20776
2021/6/17,6014401,7508,241343,19678
2021/6/18,6014908,6305,215134,19086
2021/6/19,6034147,11400,200307,19299
2021/6/20,6045855,9943,209429,19164
2021/6/21,6053684,7889,184889,19364
2021/6/22,6062295,8386,176258,19877
2021/6/23,6070914,8930,170089,24348
2021/6/24,6080428,8259,151275,20141
2021/6/25,6095771,13961,129579,19261
2021/6/26,6129525,38568,136206,19769
2021/6/27,6136206,6099,144001,20106
2021/6/28,6147129,10338,155172,20205
2021/6/29,6157204,9197,1386439,19334
2021/6/30,6166379,8783,1302745,18976
2021/7/1,6177119,9993,1362075,19295
2021/7/2,6184553,7273,1185534,20292
2021/7/3,6194475,9609,895308,21499
2021/7/4,6202985,7920,752163,21805
2021/7/5,6210673,7765,660767,21604
2021/7/6,6223110,11946,618979,20716
2021/7/7,6234523,11937,553069,20172
2021/7/8,6251742,16077,534686,19992
2021/7/9,6387154,122891,424816,20171
2021/7/10,6402823,14638,381435,19975
2021/7/11,6413222,9989,381140,19812
2021/7/12,6422609,8643,324742,19559
2021/7/13,6431327,8716,298292,20731
2021/7/14,6441574,8302,285278,19429
2021/7/15,6454138,12281,304110,18943
2021/7/16,6465894,11331,275390,18208
2021/7/17,6475827,9387,270385,18267
2021/7/18,6486868,11757,338968,18793
2021/7/19,6491645,9340,345596,19144
2021/7/20,6510564,13031,305655,18880
2021/7/21,6530620,18363,1053946,27470
2021/7/22,6549227,16893,2126173,28766
2021/7/23,6566870,20659,1464644,27026
2021/7/24,6582575,13259,1382992,24614
2021/7/25,6596449,12671,1380818,24015
2021/7/26,6610667,14140,1077927,24236
2021/7/27,6623554,11607,935501,23276
2021/7/28,6636497,12551,921256,22124
2021/7/29,6646296,9034,837502,21437
2021/7/30,6656788,10434,610558,21662
2021/7/31,6667953,11031,574810,20839
2021/8/1,6679040,11150,609067,20603
2021/8/3,6702383,11461,566453,21145
2021/8/4,6718379,15927,478850,22827
2021/8/5,6740793,22344,503866,38929
2021/8/6,6758989,18192,496940,37054
2021/8/7,6775070,16107,455753,31120
2021/8/8,6788864,13743,463311,28066
2021/8/9,6807136,18301,567569,26324
2021/8/10,6827185,19992,689561,27946
2021/8/11,6844388,17131,1343347,28183
2021/8/12,6858446,14075,1123995,26773
2021/8/13,6873418,14931,902175,26018
2021/8/14,6887910,14436,581799,25407
2021/8/15,6903012,15074,474764,25845
2021/8/16,6915823,12753,432044,26408
2021/8/17,6930936,15098,459639,26402
2021/8/18,6959559,28545,420326,27277
2021/8/19,6982544,22937,360767,27849
2021/8/20,7163447,180285,303140,26117
2021/8/21,7182317,18841,470390,23939
2021/8/22,7200427,18067,468972,23851
2021/8/23,7217113,16636,409243,24806
2021/8/24,7232218,15056,363126,24553
2021/8/25,7247319,15067,339483,23896
2021/8/26,7267096,19779,310008,21671
2021/8/27,7282025,14837,263175,21125
2021/8/28,7294928,12913,304254,21392
2021/8/29,7308576,13629,344036,21081
2021/8/30,7321226,12632,412759,20538
2021/8/31,7341367,19742,500916,20975
2021/9/1,7359669,18304,1782153,28514
2021/9/2,7370396,10989,3687852,29871
2021/9/3,7387370,16710,3709822,29143
2021/9/4,7409435,20077,2505994,30718
2021/9/5,7426121,16671,2325099,32971
2021/9/6,7435329,9125,1721820,31425
2021/9/7,7443165,7703,1688002,27912
2021/9/8,7450169,7050,1557302,26564
2021/9/9,7456167,6213,1067600,27948
2021/10/5,7953109,18997,316519,28561
2021/10/6,7968270,15170,280466,28022
2021/10/7,7979097,10793,255118,26223
2021/10/8,7983391,4289,231149,24535
2021/10/9,7989793,6406,205018,19741
2021/10/10,7997984,8162,208026,23335
2021/10/11,8002367,4379,222629,28438
2021/10/12,8007332,4974,216743,32542
2021/10/13,8011218,3875,642437,31214
2021/10/14,8015963,4745,1375917,28701
2021/10/15,8024797,8828,1054346,26524
2021/10/16,8037522,12747,572489,29450
2021/10/17,8046036,8482,540461,32338
2021/10/18,8048866,2831,495122,27347
2021/10/19,8050882,2371,486011,23721
2021/10/20,8051940,2621,426299,22253
2021/10/21,8054633,2646,336005,21534
2021/10/22,8057924,3257,273471,20814
2021/10/23,8066797,8872,264060,21659
2021/10/24,8076824,9991,330543,23217
2021/10/25,8082511,3288,324247,21244
2021/10/27,8089700,3792,247432,18752
2021/11/5,8140484,5859,1641933,23987
2021/11/7,8162473,9135,948756,26900
2021/11/9,8166538,2891,695862,24400
2021/11/11,8177851,6759,660795,20960
2021/11/13,8276378,34120,695483,21839
2021/11/16,8293180,5887,650013,20497
2021/11/18,8301438,3732,595927,19456
2021/11/19,8308442,6996,565379,18995
2021/11/20,8308589,7110,569350,23560
2021/11/21,8328542,12637,612652,23915
2021/11/24,8344788,6193,1712210,20133
2021/11/25,8353547,5109,2562877,20208
2021/11/26,8361514,6818,1643054,19476
2021/11/27,8376973,11622,1254315,24143
2021/11/28,8385584,8619,991536,25832
2021/11/29,8388794,3208,675029,24682
2021/11/30,8392980,4183,606654,23280
2021/12/1,8396167,3180,620198,20985
2021/12/2,8400002,3835,595558,19969
2021/12/3,8410423,10355,533963,19222
2021/12/4,8424769,13701,504377,22274
2021/12/5,8432744,7967,510296,22378
2021/12/6,8436419,3673,507705,21702
2021/12/7,8439874,3454,535194,20007
2021/12/8,8445785,5907,544138,19370
2021/12/9,8457603,11806,538545,18213
2021/12/10,8482982,25347,573763,21074
2021/12/11,8502139,19153,593823,23809
2021/12/12,8513063,15291,624070,26418
2021/12/13,8522853,6875,608189,24806
2021/12/14,8529399,6547,706121,23217
2021/12/15,8534318,5047,2313757,22313
2021/12/16,8540416,5739,2165320,21875
2021/12/17,8549161,8730,1194740,22767
2021/12/18,8563964,14789,781418,24520
2021/12/19,8574308,10332,637139,26785
2021/12/20,8578370,5784,617038,25596
2021/12/23,8599140,6082,538050,20841
2021/12/24,8620746,21582,474176,20672
2021/12/25,8639558,19053,395723,21144
2021/12/26,8796162,158483,384701,22501
2021/12/27,8804125,5970,442930,22404
2021/12/28,8811668,7530,500825,21396
2021/12/29,8816938,5269,450738,20621
2021/12/30,8825549,8611,374268,21090
2021/12/31,8854086,28529,362383,21966
2022/1/1,8883799,29674,393375,27009
2022/1/2,8902309,18507,402139,26683
2022/1/3,8914192,11865,404032,26529
2022/1/4,8925536,11340,393843,24076
2022/1/5,8938437,12912,1025116,29213
2022/1/6,8953870,15406,2334679,29607
2022/1/7,8979674,25795,1735049,26581
2022/1/8,9006108,26456,1378368,33319
2022/1/9,9027681,21524,1120762,33565
2022/1/10,9031961,18485,916627,32903
2022/1/11,9056122,14210,804188,33257
2022/1/12,9070653,14619,758071,32660
2022/1/13,9074541,15049,834984,30803
2022/1/14,9106706,18215,695530,30978
2022/1/15,9131375,24650,629279,38689
2022/1/16,9148950,17553,622187,38876
2022/1/17,9165206,16249,695827,38630
2022/1/18,9183315,18108,698065,38192
2022/1/19,9203141,19795,705842,37063
2022/1/20,9222793,19654,601685,37373
2022/1/21,9255327,31771,516604,36091
2022/1/22,9279022,23716,552094,33371
2022/1/23,9299441,20366,549597,32089
2022/1/24,9320222,20525,560250,31002
2022/1/25,9340603,20344,847477,34007
2022/1/26,9360975,20361,3702469,38071
2022/1/27,9382162,21167,2324399,37377
2022/1/28,9400698,18515,1701364,37084
2022/1/29,9420613,19907,1372004,35733
2022/1/30,9440583,19958,1401166,35330
2022/1/31,9463948,23339,1245921,36657
2022/2/1,9469189,23831,1423852,38144
2022/2/2,9512110,24185,1378474,38642
2022/2/3,9538784,26631,1292782,38010
2022/2/4,9717780,178857,1053459,39098
2022/2/5,9744946,27116,966512,36578
2022/2/6,9766575,21602,719934,32949
2022/2/7,9783365,16772,691462,30328
2022/2/8,9799216,15839,772308,28605
2022/2/9,9814985,15758,769253,27021
2022/2/10,9834537,19807,914526,27079
2022/2/12,9866664,14827,845141,26611
2022/2/13,9880472,13804,692513,26989
2022/2/14,9891327,10851,704715,26283
2022/2/15,9908554,17198,647794,25444
2022/2/16,9921112,12546,1292181,25894
2022/2/17,9932136,11021,2343450,27592
2022/2/18,9944501,12358,1705942,33173
2022/2/19,9962145,17627,1388541,35813
2022/2/20,9976145,13998,1153251,36159
2022/2/21,9982058,5911,843380,32579
2022/2/22,9988901,7252,694222,30535
2022/2/23,9999670,8383,689716,28984
2022/2/24,10009454,9772,648560,28204
2022/2/25,10011818,9945,575156,27938
2022/3/2,10074426,10865,508846,24473
2022/3/3,10079915,5478,543279,24651
2022/3/4,10091897,11983,519788,24689
2022/3/5,10110534,18627,502948,26911
2022/3/6,10121912,15134,523784,30585
2022/3/9,10142515,6236,3718353,37322
2022/3/10,10148847,5670,3742387,34866
2022/3/11,10160185,11328,2554669,33492
2022/3/12,10178878,18666,1716664,37288
2022/3/13,10192668,13778,1527899,40456
2022/3/14,10198234,5562,1368462,37424
2022/3/15,10207003,8768,1379453,36825
2022/3/16,10226332,19314,1276126,37783
2022/3/17,10242736,16391,1160217,41323
2022/3/18,10422131,179098,1087485,47210
2022/3/19,10440014,17874,921159,47514
2022/3/20,10453676,13647,889881,45018
2022/3/21,10458550,4868,866132,42989
2022/3/22,10464859,6305,999580,38673
2022/3/23,10472748,7894,1006364,35144
2022/3/24,10481641,8875,934537,32616
2022/3/25,10492636,10997,947859,34477
2022/3/26,10508327,15672,915340,35536
2022/3/27,10519935,11616,835401,36783
2022/3/28,10526525,6808,850509,35224
2022/4/1,10556652,8783,1615894,34740
2022/4/2,10578392,12560,1369434,35158
2022/4/3,10595716,17324,1305276,40643
2022/4/4,10612314,16591,1089144,45567
2022/4/5,10625728,13394,1052546,45189
2022/4/6,10632949,7225,972511,46206
2022/4/7,10640815,7868,928173,44824
2022/4/8,10651166,10329,885231,45827
2022/4/9,10664945,13786,887239,41896
2022/4/10,10676661,11703,843167,41977
2022/4/11,10684343,7685,844184,37408
2022/4/12,10690910,6925,832669,34019
2022/4/13,10697651,6576,777262,30391
2022/4/14,10705451,7971,850866,33683
2022/4/15,10716468,8677,911840,36791
2022/4/16,10731857,15364,869200,36929
2022/4/17,10742361,10497,843442,37373
2022/4/18,10764023,21654,836894,35894
2022/4/19,10778671,14655,1009494,31679
2022/4/20,10789358,10685,3664623,29575
2022/4/21,10799804,10433,2635336,28884
2022/4/22,10814717,14897,1381720,32568
2022/4/23,10832390,17641,1289432,34933
2022/4/24,10840726,8343,1157504,33629
2022/4/25,10848464,7734,1173611,30195
2022/4/26,10856004,7524,1070453,29256
2022/4/27,10866467,10458,1043581,26910
2022/4/28,10879670,13933,927263,27536
2022/4/29,10910264,24458,655141,31003
2022/4/30,10936262,25991,610461,39650
2022/5/1,10957729,21437,698580,45672
2022/5/2,10973074,15336,636669,48259
2022/5/3,10987171,14086,808707,44882
2022/5/4,10997412,10575,858210,40580
2022/5/5,11006142,8887,926674,37970
2022/5/6,11013554,6243,970294,34920
2022/5/7,11023707,9954,942081,40284
2022/5/8,11035627,11940,890000,42796
2022/5/9,11042825,7181,846092,40576
2022/5/10,11050077,7223,835825,34879
2022/5/11,11055942,5873,882706,32785
2022/5/12,11063093,7116,924644,30526
2022/5/13,11073365,10271,844301,30398
2022/5/14,11088850,15486,665256,31951
2022/5/15,11099951,11090,769488,35687
2022/5/16,11107683,7731,767776,34317
2022/5/17,11114095,6403,742701,31789
2022/5/18,11120328,6219,620657,29919
2022/5/19,11156275,35847,593622,29869
2022/5/20,11398171,241677,571040,29549
2022/5/21,11413956,15796,615105,29268
2022/5/22,11424311,10351,657401,31165
2022/5/23,11430491,6192,688582,29237
2022/5/24,11436070,5549,674782,26912
2022/5/25,11442273,6211,641017,25473
2022/5/26,11450208,7902,616346,25243
2022/5/27,11458302,8074,547270,25598
2022/5/28,11469438,11129,593842,27482
2022/5/29,11478519,9091,694346,29180
2022/5/30,11484435,5892,694616,29410
2022/5/31,11490755,6307,1872463,30556
2022/6/1,11496627,5875,3683490,33681
2022/6/2,11509645,13015,3196513,35511
2022/6/3,11528960,19261,2366585,42272
2022/6/4,11544355,15434,1773352,43026
2022/6/5,11556510,12132,1684662,39480
2022/6/6,11565843,9297,1701124,35867
2022/6/7,11573299,7751,1657279,33010
2022/6/8,11582936,8072,1514939,29113
2022/6/9,11591533,8563,1115159,28390
2022/6/10,11601764,10202,1023661,29376
2022/6/11,11614459,12725,908838,31055
2022/6/12,11625249,10786,834809,34189
2022/6/13,11631703,6448,815992,33966
2022/6/14,11638490,6935,729168,31720
2022/6/15,11647210,8154,780452,29513
2022/6/16,11654666,7441,870415,28590
2022/6/17,11665567,10881,837094,28075
2022/6/18,11680920,15327,767067,28399
2022/6/19,11693288,12333,694025,29241
2022/6/20,11701422,8103,715960,29819
2022/6/21,11709812,8412,1055298,27914
2022/6/22,11719289,9443,1715343,27834
2022/6/23,11728544,9249,1454612,28605
2022/6/24,11737986,9439,1019216,29812
2022/6/25,11752134,14246,845095,29420
2022/6/26,11764864,12553,734381,30829
2022/6/27,11774221,9362,618134,31216
2022/6/28,11783689,9464,584086,30186
2022/6/29,11793959,10207,554764,28506
2022/6/30,11820161,26229,496286,28390
2022/7/1,11847423,27136,444141,28626
2022/7/2,12043399,195073,493198,29086
2022/7/3,12062776,19331,595568,33430
2022/7/4,12075425,12621,591244,30731
2022/7/5,12087671,12203,516353,29088
2022/7/6,12099752,12075,519852,28688
2022/7/7,12112959,14005,490243,29036
2022/7/8,12129137,12663,444653,29073
2022/7/9,12152742,23566,370513,28501
2022/7/10,12171431,18717,383638,29153
2022/7/11,12228750,57265,491934,29419
2022/7/12,12268943,40201,507522,28635
2022/7/13,12296320,27317,1729098,39496
2022/7/14,12318038,21722,3641518,37529
2022/7/15,12337458,19378,2543178,35518
2022/7/16,12355719,18243,1417370,35051
2022/7/17,12373061,17321,1373011,36395
2022/7/18,12388262,15160,1378282,35815
2022/7/19,12403628,15369,1319474,42510
2022/7/20,12418214,14491,1085145,35471
2022/7/21,12431911,13686,861338,32242
2022/7/22,12445894,13957,677899,42488
2022/7/23,12463714,17800,643380,40105
2022/7/24,12480726,17001,613684,39374
2022/7/25,12495230,14452,615240,35012
2022/7/26,12508977,13708,600680,27674
2022/7/27,12524174,15227,583886,30859
2022/7/28,12539854,15637,557755,31480
2022/7/29,12567533,27654,597836,34010
2022/7/30,12586531,19035,540198,38036
2022/7/31,12602139,15560,516512,55862
2022/8/1,12616992,14815,702042,42443
2022/8/2,12630287,13290,1215761,42538
2022/8/3,12641674,11398,2342337,44533
2022/8/4,12652919,11423,1453016,40056
2022/8/5,12665039,10813,1164232,37414
2022/8/6,12677739,12490,1000945,37510
2022/8/7,12691015,13252,708558,27615
2022/8/8,12704161,13139,629369,26752
2022/8/9,12716116,11910,663815,31033
2022/8/10,12728488,12342,660595,30690
2022/8/11,12761897,33323,620476,23398
2022/8/12,12791628,29735,428694,23106
2022/8/13,13103957,312047,395869,22076
2022/8/14,13117151,13153,491395,24375
2022/8/15,13128937,11781,510100,24219
2022/8/16,13140508,11506,541153,25197
2022/8/17,13150614,10119,613406,25299
2022/8/18,13160628,10001,568508,24466
2022/8/19,13172079,11459,473685,25308
2022/8/20,13184124,12015,452641,24640
2022/8/21,13195506,11357,469763,25322
2022/8/22,13204699,9180,496817,25123
2022/8/23,13217554,12842,516578,25237
2022/8/24,13232343,14735,1671785,41102
2022/8/25,13243551,11205,3021575,40863
2022/8/26,13255891,12344,1775022,42645
2022/8/27,13270807,14910,1399436,40773
2022/8/28,13284692,13845,1387236,42352
2022/8/29,13294415,9712,1180922,35467
2022/8/30,13305992,11560,945179,42945
2022/8/31,13315198,9173,926013,32073
2022/9/1,13322940,7760,879587,26560
2022/9/2,13330981,7997,937980,36663
2022/9/3,13344142,13305,766349,36117
2022/9/4,13355713,11193,767868,41172
2022/9/5,13362895,7244,703784,38628
2022/9/6,13369488,6485,654159,40588
2022/9/7,13374749,5321,631487,35284
2022/9/8,13381024,6182,679111,31925
2022/9/9,13393481,12445,851156,29051
2022/9/10,13413338,19178,2294943,39366
2022/9/11,13427976,14654,1652994,50764
2022/9/12,13436515,8447,1377229,42624
2022/9/13,13441393,4953,1327065,42516
2022/9/14,13451440,9708,1103617,25319
2022/9/15,13462315,11005,971203,27798
2022/9/16,13631149,166873,839167,23080
2022/9/17,13648505,17342,771491,24343
2022/9/18,13663226,14676,686360,30490
2022/9/19,13668918,5949,669406,32823
2022/9/20,13674230,4945,627731,31010
2022/9/21,13679190,5036,625945,26752
2022/9/22,13684460,5098,614997,25769
2022/9/23,13697648,13170,591858,26070
2022/9/24,13712303,14625,597093,22763
2022/9/25,13722997,10685,697546,26709
2022/9/26,13727837,4836,654648,22445
2022/9/27,13734322,6462,641723,23724
2022/9/28,13758694,24386,1781041,22213
2022/9/29,13771697,12972,3353428,13357
2022/9/30,13791223,19254,1904852,32356
2022/10/1,13815856,24514,1376066,39230
2022/10/2,13836466,20865,1372789,33776
2022/10/3,13851387,14683,1209958,35030
2022/10/4,13863959,13854,989355,33462
2022/10/5,13878688,10988,866613,33383
2022/10/6,13891914,13218,678321,30028
2022/10/7,13903319,11415,699205,30183
2022/10/8,13910617,7270,632704,28653
2022/10/9,13918325,7681,599556,23338
2022/10/10,13924659,6321,609440,25371
2022/10/11,13929990,5332,631028,29161
2022/10/12,13935167,5173,621732,24882
2022/10/13,13942312,7140,640879,24520
2022/10/14,13951689,9384,859403,27799
2022/10/15,13964611,13159,2339879,30139
2022/10/16,13974457,9498,1712181,31807
2022/10/17,13980664,6202,1704234,29880
2022/10/18,13986651,6024,1539599,30056
2022/10/19,13992893,6176,1016947,23524
2022/10/20,13999724,6743,1528514,26012
2022/10/21,14022196,22052,1235984,29764
2022/10/22,14043212,20762,1253978,29177
2022/10/23,14254725,208944,716772,41002
2022/10/24,14261431,6693,1250429,32779
2022/10/25,14266280,4858,1251988,31014
2022/10/26,14270834,4544,733269,28576
2022/10/27,14280400,9582,978110,28583
2022/10/28,14283107,10509,520600,27038
2022/10/29,14312374,16689,601220,27376
2022/10/30,14324128,11748,518634,30051
2022/10/31,14332453,8316,600059,22771
2022/11/1,14344341,11898,613536,31656
2022/11/2,14353815,9465,1823724,27219
2022/11/3,14361866,8043,3739670,39832
2022/11/4,14374229,12311,3672955,41351
2022/11/5,14390746,16527,2510147,30985
2022/11/6,14402605,11846,2376610,38036
2022/11/7,14410897,8286,1684736,58497
2022/11/8,14418615,7713,1726045,42449
2022/11/9,14426194,7548,1698108,39142
2022/11/10,14433974,7827,1609025,42606
2022/11/11,14444431,10415,1007689,41802
2022/11/12,14459198,14257,835712,41504
2022/11/13,14470215,11030,836375,38242
2022/11/14,14476510,6252,840546,41298
2022/11/15,14482648,6151,800391,44673
2022/11/16,14489367,6690,1024741,42610
2022/11/17,14496946,7577,1217321,39001
2022/11/18,14500726,7929,1435405,37986
2022/11/19,14523374,14391,2334168,38067
2022/11/20,14536516,13109,1850907,37618
2022/11/21,14544248,7723,1702176,41246
2022/11/22,14552991,8461,1444593,38019
2022/11/23,14568888,15605,1323486,27702
2022/11/24,14583508,14513,1141505,30549
2022/11/25,14773423,189969,968015,28538
2022/11/26,14786816,13384,899247,29956
2022/11/27,14797436,10566,828943,31820
2022/11/28,14805559,8026,754158,27351
2022/11/29,14813540,7960,675256,36551
2022/11/30,14821704,8152,662625,37826
2022/12/1,14831136,9428,695244,29744
2022/12/2,14841908,10751,574161,37144
2022/12/3,14852891,14270,729619,31167
2022/12/5,14890133,15268,783582,29994
2022/12/6,14913184,22995,728109,15991
2022/12/7,14924694,11477,1738407,31730
2022/12/8,14933717,8974,3717571,43923
2022/12/9,14950180,16405,3183453,75099
2022/12/10,14967477,17288,1791141,58584
2022/12/11,14980822,13344,1406696,53295
2022/12/12,14988997,8155,1305867,58795
2022/12/13,14998197,9213,1110662,32601
2022/12/14,15007483,9244,1008426,41737
2022/12/15,15018319,10792,818975,35321
2022/12/16,15029702,11380,680982,50258
2022/12/17,15044645,15046,657358,50764
2022/12/18,15057812,12947,649650,42431
2022/12/19,15067676,9876,695251,42323
2022/12/20,15080514,12755,696090,36589
2022/12/21,15091581,11057,730476,40628
2022/12/22,15102579,10981,714486,38664
2022/12/23,15114431,11906,693069,42356
2022/12/24,15126845,12248,641317,32936
2022/12/25,15138592,11743,610973,33611
2022/12/26,15151282,12629,631861,30723
2022/12/27,15163781,12392,1161282,38080
2022/12/28,15176694,12985,3687326,40974
2022/12/29,15190533,13674,3692930,38511
2022/12/30,15209706,19201,3705806,39226
2022/12/31,15228372,18498,2355896,36570
2023/1/1,15242524,14068,1358586,39549
2023/1/2,15256389,13730,1161702,42444
2023/1/3,15268865,12538,1160749,41482
2023/1/4,15290997,21818,1366894,35598
2023/1/5,15314966,24150,1376680,37166
2023/1/6,15587912,269937,1229598,47015
2023/1/7,15599559,11592,1172613,41107
2023/1/8,15611082,11403,1157660,42977
2023/1/9,15621353,10179,1117123,42495
2023/1/10,15631966,10592,1159362,43858
2023/1/11,15643410,11358,1204699,52114
2023/1/12,15657334,13638,929582,33610
2023/1/13,15682063,24417,776534,39270
2023/1/14,15702033,20044,694762,39546
2023/1/15,15717612,15377,654517,37071
2023/1/16,15731055,13259,729003,40220
2023/1/17,15747437,16333,1005641,42661
2023/1/18,15763165,15691,1350786,43719
2023/1/20,15803922,19722,1923736,58673
2023/1/22,15839465,17679,1285107,45992
2023/1/23,15855604,15303,1155574,30527
2023/1/24,15868098,12061,1095236,35269
2023/1/25,15877949,12671,984628,31839
2023/1/26,15890860,12341,895126,29281
2023/1/27,15904355,10083,848064,31810
2023/1/28,15909641,11765,841896,24558
2023/1/29,15917794,9760,734333,32835
2023/1/30,15931630,10578,617011,29662
2023/1/31,15942282,8755,644943,33571
2023/2/1,15952822,9879,659502,30078
2023/2/2,15962940,10098,699249,28955
2023/2/3,15972932,9416,584330,31845
2023/2/4,15983321,9944,582306,31744
2023/2/5,15994788,10782,599372,29313
2023/2/6,16004303,9398,655132,31424
2023/2/7,16008939,4048,1289639,41307
2023/2/8,16016242,7135,3650549,58741
2023/2/9,16023899,7561,3722656,42404
2023/2/10,16034654,10393,3728657,39820
2023/2/11,16049363,14202,2351185,47425
2023/2/12,16060622,10848,2342937,42540
2023/2/13,16067716,6971,2358700,40848
2023/2/14,16071242,3556,1786410,43740
2023/2/15,16082199,10295,1706326,36409
2023/2/16,16091701,9467,1355251,37282
2023/2/17,16215929,122013,1380402,39188
2023/2/18,16232499,16532,1388980,40027
2023/2/19,16244565,11964,1342245,50545
2023/2/20,16248813,4248,1357975,45048
2023/2/21,16252037,3131,1361488,29858
2023/2/22,16256209,4207,570909,30844
2023/2/23,16261384,4839,574638,26201
2023/2/24,16271118,9628,1370266,32541
2023/2/25,16286688,15337,1387492,36127
2023/2/26,16296096,9381,1363177,40910
2023/2/27,16298881,2781,1319063,42137
2023/2/28,16303089,3972,1119016,36336
2023/3/1,16308165,4768,2009181,38412
2023/3/2,16312915,4724,2185122,39780
2023/3/3,16322467,9273,1118869,38075
2023/3/4,16339025,15777,874401,40681
2023/3/5,16348531,9533,698837,39223
2023/3/6,16352065,3441,612322,45516
2023/3/27,16483682,6432,1714474,30098
2023/3/29,16497913,5506,911939,29174
2023/3/30,16508577,10741,887756,27857
2023/3/31,16636312,127919,851552,27038
2023/4/1,16654552,16646,1023015,24686
2023/4/2,16668501,13981,1011883,31200
2023/4/3,16675134,6566,941967,36017
2023/4/4,16676130,6812,989264,31352
2023/4/7,16717232,11730,976394,29427
2023/4/8,16732452,12408,953784,27885
2023/4/9,16741157,15268,926303,38984
2023/4/10,16745305,4392,976599,31440
2023/4/11,16754493,5906,993251,30997
2023/4/12,16758625,3979,1868918,40361
2023/4/13,16764408,5910,3664594,25126
2023/4/14,16775303,10191,3708966,29572
2023/4/15,16795122,18461,2127172,32719
2023/4/16,16807592,11105,1384581,28290
2023/4/17,16811172,3591,1835343,26680
2023/4/18,16815622,4113,1835732,25041
2023/4/19,16820186,4493,1788255,19777
2023/4/20,16826305,5380,927411,19669
2023/4/21,16835927,9704,793408,19844
2023/4/22,16852834,16410,758822,24374
2023/4/23,16859976,6592,1279447,28774
2023/4/24,16864844,4619,1258973,29421
2023/4/25,16867486,4538,756041,21728
2023/4/29,16903676,8208,313270,30922
2023/4/30,16920553,14564,322514,33176
2023/5/1,16934993,14418,427119,31560
2023/5/2,16946320,10359,1791220,35851
2023/5/3,16954713,8303,1820795,31603
2023/5/4,16956072,4872,1788639,33443
2023/5/6,16965910,3839,1287805,26125
2023/5/7,16975494,9473,654061,30435
2023/5/8,16977966,2623,520144,28992
2023/5/9,16981627,3234,368839,22364
2023/5/10,16983920,2337,416159,27036
2023/5/11,16986738,3259,326695,28690
2023/5/12,16997301,7886,313204,27252
2023/5/13,17067688,69976,326721,27820
2023/5/14,17076507,8764,423423,27024
2023/5/15,17079415,2556,391735,28790
2023/5/16,17082015,2780,337848,24731
2023/5/17,17084025,1811,331494,24514
2023/5/18,17086793,2794,389954,19464
2023/5/19,17092043,5056,313990,20685
2023/5/20,17103579,11243,274455,24765
2023/5/21,17111057,7611,340901,27206
2023/5/22,17111135,75,319023,24215
2023/5/23,17114881,3555,350883,24365
2023/5/24,17115814,980,882675,23796
2023/5/25,17120400,4455,1835033,24378
2023/5/26,17129265,8606,1789062,23812
2023/5/27,17143915,14470,610017,29613
2023/5/28,17153648,9396,492357,29981
2023/5/29,17157546,3897,447008,24068
2023/5/30,17161211,3624,345005,24041
2023/5/31,17164761,3543,346823,20825
2023/6/1,17169540,4748,345447,23734
2023/6/3,17186131,8525,313117,29450
2023/6/4,17195795,9201,329786,29775
2023/6/5,17201485,5008,313273,24955
2023/6/6,17206972,5180,313854,24789
2023/6/7,17210105,4969,343202,19576
2023/6/8,17212337,1742,358628,20096
2023/6/9,17218018,4164,322963,23927
2023/6/10,17221069,8334,312702,29995
2023/6/11,17235834,14538,313202,28321
2023/6/12,17251248,9382,332772,28443
2023/6/13,17255217,3015,468909,30701
2023/6/14,17260110,4888,1883207,30956
2023/6/15,17266787,6670,1838405,31378
2023/6/16,17273427,7240,1140749,31577
2023/6/17,17287490,12495,973020,29958
2023/6/18,17299176,11006,721599,27943
2023/6/19,17303448,8583,595986,26286
2023/6/20,17313918,6993,681294,29430
2023/6/21,17325947,11860,635715,28637
2023/6/22,17344760,18661,521325,30098
2023/6/23,17416142,70267,428367,29433
2023/6/24,17424405,8428,516863,28649
2023/6/25,17431645,7276,612422,29968
2023/6/26,17438110,6412,503973,29474
2023/6/27,17444954,6346,587545,28373
2023/6/28,17451909,6534,505160,26117
2023/6/29,17461294,8774,320087,28613
2023/6/30,17470783,8930,352270,28992
2023/7/1,17483902,13035,453007,31766
2023/7/2,17494132,10270,432916,28552
2023/7/3,17507635,13159,484568,29215
2023/7/4,17521335,13277,793556,29330
2023/7/5,17534480,13033,1792229,32300
2023/7/6,17550042,15118,1695632,30910
2023/7/7,17564055,13973,1253887,30884
2023/7/8,17579237,14639,1470915,30550
2023/7/9,17591477,12232,590343,30033
2023/7/10,17602859,11359,516780,29135
2023/7/11,17612944,10010,332577,29156
2023/7/12,17623693,10475,353583,22743
2023/7/13,17633995,10002,318947,24208
2023/7/14,17645263,11225,313505,20630
2023/7/15,17656913,11654,229394,20268
2023/7/16,17668093,10930,233712,20711
2023/7/17,17677209,9035,218230,20419
2023/7/18,17687326,10088,215418,20723
2023/7/19,17698721,11377,224083,19643
2023/7/20,17707292,8558,191755,20901
2023/7/21,17718247,10891,190063,24432
2023/7/22,17730106,11792,181796,24279
2023/7/23,17739685,9292,248016,20910
2023/7/24,17749036,9328,248130,22295
2023/7/25,17756357,7337,1802307,28903
2023/7/26,17765735,9369,1828874,24129
2023/7/27,17774772,9026,1234748,23610
2023/7/28,17784741,9951,1448167,23287
2023/7/29,17795248,10486,673912,20571
2023/7/30,17807040,11787,569477,20123
2023/7/31,17816586,9519,674563,19842
2023/8/1,17827962,11445,658325,20516
2023/8/2,17838124,9813,550099,20389
2023/8/3,17843645,12527,436180,20261
2023/8/4,17852398,11531,303613,19184
2023/8/5,17987914,111643,339466,20402
2023/8/6,17997309,9107,360440,20418
2023/8/7,18009970,10491,344368,21824
2023/8/8,18021356,7560,321491,20923
2023/8/9,18027761,8417,319064,20280
2023/8/10,18034981,7207,312995,19903
2023/8/11,18049872,12769,313121,24430
2023/8/12,18077980,18174,313475,24239
2023/8/13,18091206,17652,313643,24535
2023/8/14,18109586,14332,342860,24428
2023/8/16,18125946,13612,1832733,29248
2023/8/18,18159264,15442,1607614,26448
2023/8/19,18180860,13036,1252312,24420
2023/8/20,18195116,13958,1257941,24161
2023/8/21,18206808,11448,1391194,23124
2023/8/22,18217955,10337,579622,22560
2023/8/23,18229209,11166,838351,28133
2023/8/24,18238863,9606,618187,28422
2023/8/25,18248535,8305,513236,23776
2023/8/26,18259710,10971,312541,24938
2023/8/27,18268502,9914,434170,24409
2023/8/30,18294929,7967,353762,21979
2023/8/31,18299279,4374,337930,20999
2023/9/1,18302913,3575,407983,21857
2023/9/2,18310706,7906,507619,21041
2023/9/3,18317334,6392,493753,19720
2023/9/4,18319498,2317,470997,18822
2023/9/5,18321745,1961,1839264,17720
2023/9/6,18324907,3273,1843120,20454
2023/9/7,18325291,3371,1807367,17867
2023/9/9,18342342,6098,551616,23690
2023/9/10,18350032,6918,571613,24566
2023/9/11,18353398,3086,476712,23612
2023/9/12,18355052,1617,474861,18870
2023/9/13,18357534,2478,445233,20513
2023/9/14,18362104,4566,365178,17823
2023/9/15,18430731,68498,289324,20028
2023/9/16,18441583,10877,346120,29568
2023/9/17,18450517,8919,336065,27344
2023/9/18,18454027,3508,402258,24505
2023/9/19,18457970,3935,390089,19676
2023/9/20,18459231,1261,344899,18785
2023/9/21,18461632,2393,326530,17240
2023/9/22,18466766,5121,240970,16871
2023/9/23,18474888,10437,316350,24368
2023/9/24,18486311,7957,343832,24301
2023/9/25,18488833,2515,322584,19801
2023/9/26,18491476,2654,324649,19084
2023/9/27,18495507,4025,914874,24235
2023/9/28,18510669,15170,1836747,25830
2023/9/29,18532930,22212,1843230,33337
2023/9/30,18550257,17320,1826955,30135
2023/10/1,18566510,16398,1843403,30648
2023/10/2,18579133,12401,1843881,30102
2023/10/3,18590871,11723,1781143,29950
2023/10/4,18601544,10673,1820397,29979
2023/10/5,18611649,10091,1516916,36392
2023/10/6,18618604,6980,1671545,30620
2023/10/7,18622847,4196,1319631,28501
2023/10/8,18626052,3218,1792117,25694
2023/10/9,18629233,3269,1810710,20461
2023/10/10,18632347,3022,1818720,20589
2023/10/11,18634725,2337,1534522,21190
2023/10/12,18636743,2024,1545112,24283
2023/10/13,18643578,6834,1610553,27404
2023/10/14,18655623,12110,635076,40518
2023/10/15,18664803,9168,768756,39978
2023/10/16,18667312,2520,718728,28762
2023/10/17,18669684,2387,1425423,24231
2023/10/18,18672608,2836,1833913,24120
2023/10/19,18675343,2752,1820153,26000
2023/10/20,18682825,7394,1516668,23649
2023/10/21,18695657,12855,695524,28104
2023/10/22,18702908,7231,488135,36903
2023/10/23,18704909,1993,447018,30082
2023/10/24,18707631,2669,342206,28556
2023/10/25,18710093,2441,393180,25484
2023/10/26,18714040,3979,287937,24403
2023/10/27,18729825,15512,246872,24491
2023/10/28,18745023,15134,295761,25089
2023/10/29,18754242,9216,307015,29083
2023/10/30,18757984,3737,1588986,24805
2023/10/31,18762159,4150,755890,22055
2023/11/1,18765350,3193,580302,21230
2023/11/2,18769883,4522,477035,21179
2023/11/3,18855090,85080,353473,21889
2023/11/4,18868965,14026,396008,27816
2023/11/5,18878371,9240,432715,29946
2023/11/6,18880540,2164,344771,28131
2023/11/7,18885576,5058,421294,24320
2023/11/8,18887501,1904,951291,31827
2023/11/9,18890821,3310,1885867,30065
2023/11/10,18898252,7421,1844186,30351
2023/11/11,18912476,14201,1796185,36163
2023/11/12,18922582,10056,1521470,30107
2023/11/13,18926423,3827,1283235,29129
2023/11/14,18930050,3622,1803881,24931
2023/11/15,18933927,3863,1736517,24413
2023/11/16,18938521,4581,1285229,23660
2023/11/17,18946742,8272,1060439,24549
2023/11/18,18960771,14144,718787,26995
2023/11/19,18971319,9786,719476,29929
2023/11/20,18975165,3916,1258172,27466
2023/11/21,18978785,3639,1514172,26998
2023/11/22,18982145,3239,1389124,23432
2023/11/23,18984742,2563,1158894,23865
2023/11/24,18991571,6619,621165,21840
2023/11/25,19003538,11903,771775,28669
2023/11/26,19011690,8145,1433008,25131
2023/11/27,19014512,2814,1292972,24361
2023/11/28,19016852,2336,1836031,21607
2023/11/29,19020077,3221,1832917,20953
2023/11/30,19023723,3645,1154805,21252
2023/12/1,19033200,9381,531497,22329
2023/12/2,19047114,13901,385773,24522
2023/12/3,19059563,12471,353047,25920
2023/12/4,19067891,8320,314066,23566
2023/12/5,19077298,9397,235550,20249
2023/12/6,19085463,8223,190832,17622
2023/12/7,19092517,7038,190532,15576
2023/12/8,19163257,70614,180200,17029
2023/12/9,19181125,17878,234091,20251
2023/12/10,19190973,9879,243574,20426
2023/12/11,19195114,4127,228909,19105
2023/12/12,19199150,4032,198702,18275
2023/12/13,19203796,4684,204852,17736
2023/12/14,19208105,4323,187368,17728
2023/12/15,19214159,6059,186426,19965
2023/12/16,19224878,10470,184158,20837
2023/12/17,19233229,8310,299500,20869
2023/12/18,19237173,3907,234965,21519
2023/12/19,19241618,4484,198426,19811
2023/12/20,19245280,3652,1569908,23624
2023/12/21,19249222,3730,1828931,18556
2023/12/22,19255963,6614,1818394,20332
2023/12/23,19265805,9831,1820812,21131
2023/12/24,19273123,7331,1812462,24546
2023/12/25,19275467,2327,1545725,21243
2023/12/26,19277484,2009,1518747,20106
2023/12/27,19279534,2038,692417,19730
2023/12/28,19281674,2145,519316,24453
2023/12/29,19286572,4827,351920,24986
2023/12/30,19296676,10056,320727,22759
2023/12/31,19306541,9839,310760,24500
2024/1/1,19313291,6674,262467,22859
2024/1/2,19315727,2459,359587,30157
2024/1/3,19318553,2790,358545,24418
2024/1/4,19320054,1518,361001,17223
2024/1/5,19322870,2772,276349,11708
2024/1/6,19331205,8300,313278,9447
2024/1/7,19338061,6790,494100,9397
2024/1/8,19339578,1525,330455,19680
2024/1/9,19341067,1495,431620,17764
2024/1/10,19343236,2188,1845161,18283
2024/1/11,19346567,3293,951482,18469
2024/1/12,19352668,6030,1517889,18665
2024/1/13,19361624,8926,1256123,22225
2024/1/14,19368034,6343,720646,24571
2024/1/15,19371042,2965,582250,27646
2024/1/16,19374048,3077,570116,20476
2024/1/17,19378999,4666,570295,20221
2024/1/18,19383827,4907,480871,18451
2024/1/19,19443884,60001,391704,18365
2024/1/20,19444510,607,330548,17605
2024/1/21,19362610,-77763,386448,20966
2024/1/22,19283376,-78343,372597,22839
2024/1/23,19252128,-31268,407375,17710
2024/1/24,19236767,-15033,386883,17624
2024/1/25,19234057,-2706,353234,15879
2024/1/26,19234558,515,617953,15883
2024/1/27,19235956,1389,313626,17625
2024/1/28,19239997,4034,313066,18245
2024/1/29,19236912,-3078,312860,23388
2024/1/30,19237937,1024,364891,20259
2024/1/31,19244255,6334,342973,19076
2024/2/1,19252707,8409,1836303,26951
2024/2/2,19263293,10393,1842004,30505
2024/2/3,19274120,10799,1811098,20274
2024/2/4,19283870,9805,1805726,20940
2024/2/5,19292276,8085,1523064,20234
2024/2/6,19299876,7575,550441,15711
2024/2/7,19307340,7477,478247,18953
2024/2/8,19315132,7776,519742,18564
2024/2/9,19324822,9742,391772,19566
2024/2/10,19326775,9635,434822,20618
2024/2/11,19340294,7559,453682,20399
2024/2/12,19347230,6923,476985,22185
2024/2/13,19353606,6346,445399,17844
2024/2/14,19359061,5173,497755,18897
2024/2/15,19365355,6068,389011,16119
2024/2/16,19370541,5185,334586,17253
2024/2/17,19374533,3931,333242,18338
2024/2/18,19378969,4215,381005,17645
2024/2/19,19383601,4323,359738,18455
2024/2/20,19386626,2922,494316,18370
2024/2/21,19391822,5091,1819385,18259
2024/2/26,19416203,4744,313845,17842
2024/2/27,19417225,989,267267,17104
2024/2/28,19418698,1471,228982,14511
2024/2/29,19420958,2255,229594,15255
2024/3/1,19465342,44086,1024472,15854
2024/3/2,19474085,8714,195560,14863
2024/3/3,19479626,5502,227816,17855
2024/3/4,19480173,615,306739,17812
2024/3/5,19481234,1032,267153,15687
2024/3/6,19482444,1207,229570,15772
2024/3/7,19483081,635,194135,14441
2024/3/8,19487620,4474,179414,14150
2024/3/9,19495783,8108,179717,17772
2024/3/10,19500895,5135,211617,19700
2024/3/11,19502026,1140,269677,22117
2024/3/12,19502460,432,244983,15711
2024/3/13,19502859,381,236509,17592
2024/3/14,19503968,1103,1844351,17688
2024/3/15,19508969,5003,1784941,16484
2024/3/16,19518071,9004,1808299,19087
2024/3/17,19523399,5444,1792168,24825
2024/3/18,19524719,1263,1586325,19754
2024/3/19,19525931,1262,517987,20281
2024/3/20,19527338,1352,501815,17840
2024/3/21,19527921,558,458478,17047
2024/3/22,19532298,4370,316906,16797
2024/3/23,19539810,7510,303175,17866
2024/3/24,19545376,5564,307353,24286
2024/3/25,19545631,375,313201,20002
2024/3/26,19546382,726,287254,20277
2024/3/27,19546821,429,245521,17655
2024/3/28,19546054,-729,237460,15959
2024/3/29,19548634,2572,215321,14237
2024/3/30,19554490,5846,213740,14764
2024/3/31,19558287,3858,202924,18492
2024/4/1,19558184,-92,259673,18442
2024/4/2,19557843,-201,279378,16314
2024/4/3,19561203,3210,1809866,17924
2024/4/4,19568068,6850,1478075,21818
2024/4/5,19574253,6047,1487862,20289
2024/4/6,19577539,3196,1523783,18867
2024/4/7,19577384,-130,1174201,18136
2024/4/8,19578312,914,718524,17316
2024/4/9,19579388,1112,700912,15636
2024/4/10,19580437,1065,618677,14838
2024/4/11,19582615,2211,478592,15802
2024/4/12,19623169,40154,336457,16813
2024/4/13,19629168,5964,376977,15803
2024/4/14,19633973,4945,374927,17685
2024/4/15,19634652,664,345920,18483
2024/4/16,19635791,1188,361614,16310
2024/4/17,19638343,2526,434698,15399
2024/4/18,19640087,1829,427928,14103
2024/4/19,19645087,4476,338889,14328
2024/4/20,19654048,7773,271028,14012
2024/4/21,19660095,6025,290680,19871
2024/4/22,19659728,-215,378869,17637
2024/4/23,19660299,437,692766,18166
2024/4/24,19659758,38,435426,16514
2024/4/25,19661352,1272,1881663,24107
2024/4/26,19661367,910,1845585,19540
2024/4/27,19672096,7671,1805476,19300
2024/4/28,19675040,2393,1796690,18240
2024/4/29,19674739,1458,1181271,15665
2024/4/30,19679048,3174,1248883,24356
