Date,粉丝总数,粉丝变化
2019/5/28,8253,0
2019/5/29,8445,1020
2019/5/30,8566,156
2019/5/31,8796,229
2019/6/1,8949,191
2019/6/2,9065,115
2019/6/3,9106,78
2019/6/4,9153,44
2019/6/5,9195,44
2019/6/7,42636,16668
2019/6/8,89138,26618
2019/6/9,101593,12393
2019/6/10,136203,34581
2019/6/11,182032,48502
2019/6/12,215938,40119
2019/6/13,240595,24637
2019/6/14,262499,21823
2019/6/15,281621,16943
2019/6/18,295151,4461
2019/6/19,298106,4103
2019/6/20,303791,5501
2019/6/21,331171,16312
2019/6/22,356573,26915
2019/6/23,375327,18304
2019/6/24,386517,11174
2019/6/26,400974,7295
2019/6/27,404844,3854
2019/6/28,407501,2630
2019/6/29,411027,3106
2019/6/30,414266,3164
2019/7/1,416398,2796
2019/7/2,418411,2013
2019/7/3,420333,1919
2019/7/4,422295,1941
2019/7/5,425395,2532
2019/7/6,428046,2647
2019/7/7,430106,2354
2019/7/8,431884,1920
2019/7/9,433837,1952
2019/7/10,435663,1823
2019/7/11,437415,1750
2019/7/12,439317,1827
2019/7/13,441193,1873
2019/7/14,442866,1774
2019/7/15,444421,1549
2019/7/16,445957,1545
2019/7/20,450743,1184
2019/7/21,451562,1120
2019/7/22,452205,745
2019/7/23,452836,637
2019/7/24,453418,581
2019/7/25,454080,622
2019/7/26,454235,408
2019/7/27,454634,398
2019/7/28,455051,416
2019/7/29,455539,452
2019/7/30,455880,415
2019/7/31,456284,403
2019/8/1,457395,757
2019/8/2,461292,3640
2019/8/3,463922,3157
2019/8/4,466353,2406
2019/8/5,468469,2108
2019/8/6,471409,2823
2019/8/7,474169,2826
2019/8/8,475728,1550
2019/8/9,478925,2400
2019/8/11,481494,1259
2019/8/12,482338,1130
2019/8/16,486530,1101
2019/8/17,487395,732
2019/8/18,488041,637
2019/8/19,488764,721
2019/8/20,489607,824
2019/8/21,490871,1058
2019/8/22,492014,1119
2019/8/23,494199,1677
2019/8/24,495332,1128
2019/8/25,496081,741
2019/8/26,496693,678
2019/8/28,498226,758
2019/8/30,499645,705
2019/9/1,500343,678
2019/9/2,500990,663
2019/9/3,501461,465
2019/9/4,501925,428
2019/9/5,502146,337
2019/9/6,502575,333
2019/9/8,503262,346
2019/9/9,503563,334
2019/9/10,504104,520
2019/9/11,504582,432
2019/9/12,505109,505
2019/9/13,506142,1000
2019/9/14,506765,834
2019/9/15,507436,663
2019/9/16,508242,793
2019/9/17,509035,791
2019/9/18,510324,853
2019/9/19,511241,765
2019/9/21,512101,640
2019/9/22,513581,848
2019/9/24,514318,582
2019/9/25,514959,528
2019/9/28,515671,246
2019/9/29,516383,423
2019/9/30,516835,459
2019/10/1,517360,506
2019/10/2,517974,577
2019/10/3,518612,627
2019/10/4,519126,574
2019/10/5,519734,574
2019/10/6,520161,531
2019/10/7,520656,488
2019/10/9,521395,375
2019/10/10,522165,756
2019/10/11,522689,492
2019/10/12,523285,554
2019/10/13,523988,701
2019/10/15,525003,659
2019/10/18,526485,429
2019/10/19,526804,430
2019/10/20,527331,418
2019/10/24,542012,3745
2019/10/25,552276,10261
2019/10/26,562438,10317
2019/10/27,570486,9199
2019/10/28,575849,5361
2019/10/29,580706,4850
2019/10/31,589152,4183
2019/11/1,593539,4251
2019/11/2,597300,4074
2019/11/3,600146,2844
2019/11/4,601396,1249
2019/11/5,601700,303
2019/11/6,602023,313
2019/11/7,601825,-197
2019/11/8,602037,7
2019/11/9,602297,238
2019/11/10,602677,379
2019/11/11,602821,143
2019/11/12,603141,231
2019/11/13,603518,376
2019/11/14,603943,401
2019/11/15,604531,587
2019/11/16,605298,677
2019/11/17,605987,688
2019/11/18,606479,590
2019/11/19,607009,511
2019/11/20,607459,491
2019/11/21,608076,535
2019/11/22,608428,349
2019/11/23,609137,529
2019/11/24,609670,532
2019/11/25,610002,331
2019/11/26,610279,304
2019/11/27,610573,293
2019/11/28,611011,365
2019/11/29,611002,214
2019/11/30,611347,344
2019/12/1,611591,294
2019/12/2,611837,245
2019/12/3,612309,463
2019/12/4,612907,597
2019/12/5,614067,879
2019/12/6,615096,1028
2019/12/7,616201,1066
2019/12/8,617196,992
2019/12/9,617870,834
2019/12/10,618550,677
2019/12/11,619093,542
2019/12/12,619631,535
2019/12/13,619930,422
2019/12/14,620340,409
2019/12/15,620633,291
2019/12/16,620865,262
2019/12/17,621087,227
2019/12/18,621314,218
2019/12/19,621559,236
2019/12/20,624538,2965
2019/12/21,626347,2389
2019/12/22,627243,895
2019/12/23,627631,641
2019/12/24,628408,776
2019/12/25,629006,597
2019/12/26,629321,520
2019/12/29,630259,339
2019/12/31,630474,86
2020/1/1,630856,305
2020/1/2,630957,308
2020/1/3,631565,479
2020/1/5,633132,767
2020/1/6,633688,544
2020/1/7,634117,411
2020/1/8,634906,721
2020/1/11,637557,987
2020/1/14,665329,7933
2020/1/15,688689,21667
2020/1/16,705529,21508
2020/1/17,712257,14312
2020/1/19,738725,12668
2020/1/20,741128,2165
2020/1/21,741476,2240
2020/1/24,782540,10889
2020/1/26,807756,22767
2020/1/27,811783,3473
2020/1/28,815035,2267
2020/2/4,868100,7461
2020/2/12,931544,8434
2020/2/19,975597,6190
2020/2/20,980291,4129
2020/2/23,997437,5492
2020/2/27,1025937,7125
2020/2/28,1030404,4077
2020/2/29,1046388,15242
2020/3/1,1047179,6900
2020/3/2,1047829,600
2020/3/3,1048138,451
2020/3/4,1060688,8772
2020/3/5,1060674,930
2020/3/6,1064063,3127
2020/3/7,1073142,8069
2020/3/8,1073164,200
2020/3/9,1073499,287
2020/3/10,1074865,1311
2020/3/11,1086480,9650
2020/3/12,1100965,12310
2020/3/13,1114401,12441
2020/3/14,1122820,9017
2020/3/15,1123697,779
2020/3/16,1124009,470
2020/3/17,1127935,3665
2020/3/18,1170071,37337
2020/3/19,1206156,32039
2020/3/20,1231677,27116
2020/3/21,1249478,15696
2020/3/22,1256901,8016
2020/3/23,1260974,3313
2020/3/24,1266419,5370
2020/3/25,1278044,11186
2020/3/26,1283844,5092
2020/3/27,1291692,8398
2020/3/28,1298825,7133
2020/3/29,1300413,1588
2020/3/30,1306338,5925
2020/3/31,1312075,5737
2020/4/1,1328556,16481
2020/4/2,1333657,5101
2020/4/3,1341816,8159
2020/4/4,1341349,-467
2020/4/5,1342855,1506
2020/4/6,1344500,1645
2020/4/7,1346586,2086
2020/4/8,1352632,6046
2020/4/9,1354053,1421
2020/4/10,1355741,1688
2020/4/11,1361212,5471
2020/4/12,1362739,1527
2020/4/13,1363880,1141
2020/4/14,1364545,665
2020/4/15,1365607,1062
2020/4/16,1366049,442
2020/4/17,1367296,1247
2020/4/18,1369283,1987
2020/4/19,1369649,366
2020/4/20,1369087,-562
2020/4/21,1369208,121
2020/4/22,1369317,109
2020/4/23,1369150,-167
2020/4/24,1369229,79
2020/4/25,1375351,6122
2020/4/26,1375442,91
2020/4/27,1375524,82
2020/4/28,1376943,1419
2020/4/29,1378927,1984
2020/4/30,1378659,-268
2020/5/2,1383514,4855
2020/5/3,1383480,-34
2020/5/4,1383369,-111
2020/5/5,1383143,-226
2020/5/6,1386399,3256
2020/5/7,1386388,-11
2020/5/8,1386326,-62
2020/5/9,1391308,4982
2020/5/10,1392905,1597
2020/5/11,1392847,-58
2020/5/12,1392781,-66
2020/5/13,1397398,4617
2020/5/14,1397938,540
2020/5/15,1405172,7234
2020/5/16,1414298,9126
2020/5/17,1419207,4909
2020/5/18,1420111,904
2020/5/19,1421522,1411
2020/5/20,1423940,2418
2020/5/21,1424769,829
2020/5/22,1424611,-158
2020/5/23,1424962,351
2020/5/24,1425116,154
2020/5/25,1426040,924
2020/5/26,1429074,3034
2020/5/27,1429955,881
2020/5/28,1430736,781
2020/5/29,1431682,946
2020/5/30,1435676,3994
2020/5/31,1436755,1079
2020/6/1,1437888,1133
2020/6/2,1441170,3282
2020/6/3,1441636,466
2020/6/4,1442192,556
2020/6/5,1443765,1573
2020/6/6,1449070,5305
2020/6/7,1451907,2837
2020/6/8,1453472,1565
2020/6/9,1463941,10469
2020/6/10,1466665,2724
2020/6/11,1473800,7135
2020/6/12,1478852,5052
2020/6/13,1483881,5029
2020/6/14,1492577,8696
2020/6/15,1495863,3286
2020/6/16,1500094,4231
2020/6/17,1502397,2303
2020/6/18,1503058,661
2020/6/19,1502730,-328
2020/6/20,1506683,3953
2020/6/21,1507835,1152
2020/6/22,1508607,772
2020/6/23,1511035,2428
2020/6/24,1512388,1353
2020/6/25,1513236,848
2020/6/26,1514095,859
2020/6/27,1515133,1038
2020/6/28,1516741,1608
2020/6/29,1517280,539
2020/6/30,1519500,2220
2020/7/1,1519514,14
2020/7/2,1519482,-32
2020/7/4,1521883,2401
2020/7/5,1522672,789
2020/7/6,1523157,485
2020/7/7,1528651,5494
2020/7/8,1529593,942
2020/7/9,1531783,2190
2020/7/10,1538851,7068
2020/7/11,1562685,23834
2020/7/12,1575439,12754
2020/7/13,1579061,3622
2020/7/14,1593912,14851
2020/7/15,1606058,12146
2020/7/16,1606491,433
2020/7/17,1609676,3185
2020/7/18,1621917,12241
2020/7/19,1622987,1070
2020/7/20,1624873,1886
2020/7/21,1633173,8300
2020/7/22,1637955,4782
2020/7/24,1643804,5849
2020/7/25,1651302,7498
2020/7/26,1652177,875
2020/7/27,1655276,3099
2020/7/28,1662968,7692
2020/7/29,1670403,7435
2020/7/30,1677433,7030
2020/7/31,1690555,13122
2020/8/1,1693717,3162
2020/8/2,1707265,13548
2020/8/3,1718380,11115
2020/8/4,1729738,11358
2020/8/5,1738346,8608
2020/8/6,1747289,8943
2020/8/7,1760108,12819
2020/8/8,1770447,10339
2020/8/9,1781936,11489
2020/8/10,1790272,8336
2020/8/11,1802253,11981
2020/8/12,1810588,8335
2020/8/13,1835207,24619
2020/8/14,1853777,18570
2020/8/15,1866320,12543
2020/8/16,1871723,5403
2020/8/17,1890629,18906
2020/8/18,1921783,31154
2020/8/19,1936335,14552
2020/8/20,1939185,2850
2020/8/21,1956057,16872
2020/8/22,1965216,9159
2020/8/23,1975073,9857
2020/8/24,1982498,7425
2020/8/25,1989566,7068
2020/8/26,1996422,6856
2020/8/27,2001255,4833
2020/8/28,2037977,36722
2020/8/29,2058071,20094
2020/8/30,2073335,15264
2020/8/31,2085847,12512
2020/9/1,2097808,11961
2020/9/2,2113760,15952
2020/9/3,2126657,12897
2020/9/4,2136788,10131
2020/9/6,2167775,30987
2020/9/7,2183719,15944
2020/9/8,2198284,14565
2020/9/9,2212646,14362
2020/9/10,2245833,33187
2020/9/11,2264492,18659
2020/9/12,2290016,25524
2020/9/13,2336383,46367
2020/9/14,2370876,34493
2020/9/15,2441828,70952
2020/9/16,2483356,41528
2020/9/17,2505516,22160
2020/9/18,2521720,16204
2020/9/19,2550751,29031
2020/9/20,2573037,22286
2020/9/21,2589678,16641
2020/9/22,2615414,25736
2020/9/23,2666252,50838
2020/9/24,2698844,32592
2020/9/25,2775881,77037
2020/9/26,2851433,75552
2020/9/27,2914645,63212
2020/9/28,3082228,167583
2020/9/29,3123877,41649
2020/9/30,3191348,67471
2020/10/1,3263579,72231
2020/10/2,3307185,43606
2020/10/3,3347651,40466
2020/10/4,3382243,34592
2020/10/5,3413670,31427
2020/10/6,3448931,35261
2020/10/7,3478212,29281
2020/10/8,3499479,21267
2020/10/9,3508548,9069
2020/10/10,3532168,23620
2020/10/11,3552147,19979
2020/10/12,3565160,13013
2020/10/13,3579272,14112
2020/10/14,3593761,14489
2020/10/15,3605777,12016
2020/10/16,3621249,15472
2020/10/17,3644346,23097
2020/10/18,3658153,13807
2020/10/19,3667674,9521
2020/10/20,3675652,7978
2020/10/21,3682254,6602
2020/10/22,3690911,8657
2020/10/23,3700527,9616
2020/10/24,3716093,15566
2020/10/25,3728812,12719
2020/10/26,3734563,5751
2020/10/27,3740298,5735
2020/10/28,3750511,10213
2020/10/29,3758646,8135
2020/10/30,3794583,35937
2020/10/31,3811308,16725
2020/11/1,3822394,11086
2020/11/2,3826377,3983
2020/11/3,3830451,4074
2020/11/4,3838870,8419
2020/11/5,3844783,5913
2020/11/6,3892116,47333
2020/11/7,3905460,13344
2020/11/8,3915712,10252
2020/11/9,3921567,5855
2020/11/10,3927248,5681
2020/11/11,3935523,8275
2020/11/12,3941157,5634
2020/11/13,3949330,8173
2020/11/14,3963328,13998
2020/11/15,3973120,9792
2020/11/16,3973830,710
2020/11/17,3977461,3631
2020/11/18,3978375,914
2020/11/19,3981137,2762
2020/11/20,3987230,6093
2020/11/21,3998417,11187
2020/11/22,4005432,7015
2020/11/23,4017591,12159
2020/11/24,4025105,7514
2020/11/25,4030334,5229
2020/11/26,4034719,11250
2020/11/27,4040724,5782
2020/11/28,4057401,14675
2020/11/29,4069141,11740
2020/11/30,4083661,14520
2020/12/1,4091838,8177
2020/12/2,4101006,9168
2020/12/3,4112893,11887
2020/12/4,4125535,12642
2020/12/5,4143155,17620
2020/12/6,4158401,15246
2020/12/7,4161605,3204
2020/12/8,4167753,6148
2020/12/9,4174432,6679
2020/12/10,4180239,5807
2020/12/11,4254470,74231
2020/12/12,4266365,11895
2020/12/13,4275119,8754
2020/12/14,4279658,4539
2020/12/15,4283611,3953
2020/12/16,4288181,4570
2020/12/17,4286976,-1205
2020/12/18,4291777,4801
2020/12/19,4301055,9278
2020/12/20,4305544,4489
2020/12/21,4306304,760
2020/12/22,4307595,1170
2020/12/23,4308707,1060
2020/12/24,4311047,2486
2020/12/25,4315541,3899
2020/12/26,4323698,8069
2020/12/27,4328929,6026
2020/12/28,4332599,2913
2020/12/29,4336391,3467
2020/12/30,4338886,2462
2020/12/31,4347587,8155
2021/1/1,4358792,12504
2021/1/2,4366847,6930
2021/1/3,4369827,7385
2021/1/4,4372083,1639
2021/1/5,4375507,2953
2021/1/6,4381428,6893
2021/1/7,4389760,6747
2021/1/8,4395254,5366
2021/1/9,4403875,8285
2021/1/10,4409557,6032
2021/1/11,4417220,7380
2021/1/12,4424890,7176
2021/1/13,4431466,7490
2021/1/16,4454856,7600
2021/1/17,4461844,8788
2021/1/18,4467980,5246
2021/1/19,4471597,5749
2021/1/20,4483729,9684
2021/1/21,4487942,10715
2021/1/22,4497614,11167
2021/1/24,4627794,48317
2021/1/25,4637306,8674
2021/1/26,4641751,9896
2021/1/27,4650323,9292
2021/1/28,4663842,11617
2021/1/30,4692092,12482
2021/1/31,4702464,11800
2021/2/1,4711267,10916
2021/2/2,4726085,15064
2021/2/3,4744567,13523
2021/2/4,4764042,21013
2021/2/5,4778500,17746
2021/2/6,4795351,18113
2021/2/7,4813649,15283
2021/2/8,4829055,14000
2021/2/9,4841765,12072
2021/2/10,4854164,13214
2021/2/11,4869505,15173
2021/2/12,4880089,12713
2021/2/13,4890895,10457
2021/2/14,4898960,6897
2021/2/15,4908132,8401
2021/2/16,4917301,8489
2021/2/17,4928069,9649
2021/2/18,4937698,9532
2021/2/19,4946145,8219
2021/2/20,4952446,6093
2021/2/21,4958290,5945
2021/2/22,4965831,6830
2021/2/23,4970868,7605
2021/2/24,4980130,6366
2021/2/25,4988913,8926
2021/2/26,4999666,9551
2021/2/27,5026047,27395
2021/2/28,5038213,9802
2021/3/1,5047251,8870
2021/3/2,5053470,5938
2021/3/3,5062651,8263
2021/3/4,5090069,26233
2021/3/5,5103121,12921
2021/3/6,5189451,83918
2021/3/7,5205296,14810
2021/3/8,5212810,8548
2021/3/9,5220089,6735
2021/3/10,5226300,6159
2021/3/11,5232078,5517
2021/3/12,5239109,8058
2021/3/13,5259723,16164
2021/3/14,5272539,13639
2021/3/15,5278550,4850
2021/3/16,5285016,6831
2021/3/17,5296553,10870
2021/3/18,5305746,8564
2021/3/20,5333940,13535
2021/3/21,5344013,9288
2021/3/22,5348705,5774
2021/3/23,5352133,5161
2021/3/24,5363798,8923
2021/3/25,5371390,6808
2021/3/26,5377612,6106
2021/3/27,5390279,12402
2021/3/28,5399237,7867
2021/3/29,5401517,5111
2021/3/30,5406209,3926
2021/3/31,5410722,4141
2021/4/1,5416762,5613
2021/4/2,5425797,9619
2021/4/3,5442542,15102
2021/4/4,5456108,12850
2021/4/5,5461654,5356
2021/4/6,5464002,2701
2021/4/7,5466557,2147
2021/4/8,5468356,3304
2021/4/9,5473854,4371
2021/4/10,5483858,9007
2021/4/11,5490844,8666
2021/4/12,5493940,2473
2021/4/13,5496847,2726
2021/4/14,5501722,4338
2021/4/15,5509805,7260
2021/4/16,5583544,68205
2021/4/17,5596445,12479
2021/4/18,5602029,12789
2021/4/19,5606761,3556
2021/4/20,5608877,1825
2021/4/21,5610876,2131
2021/4/22,5614796,3494
2021/4/23,5620131,6114
2021/4/24,5629242,8694
2021/4/25,5630706,1285
2021/4/26,5629826,-526
2021/4/27,5634088,4071
2021/4/28,5637890,3692
2021/4/29,5640676,2651
2021/4/30,5649944,8529
2021/5/1,5662719,15359
2021/5/2,5676422,11443
2021/5/3,5684808,8560
2021/5/4,5692482,7635
2021/5/5,5697863,4727
2021/5/6,5698359,775
2021/5/7,5701362,2735
2021/5/8,5705126,4187
2021/5/9,5709365,3294
2021/5/10,5710218,1250
2021/5/11,5711747,1460
2021/5/12,5714828,3040
2021/5/13,5717559,3017
2021/5/14,5730880,12006
2021/5/15,5744014,12784
2021/5/16,5747795,7186
2021/5/17,5753205,4742
2021/5/18,5757170,4261
2021/5/19,5761064,3522
2021/5/20,5763150,4131
2021/5/21,5770653,5747
2021/5/22,5780918,8160
2021/5/23,5788979,7630
2021/5/24,5792607,3290
2021/5/25,5796922,4439
2021/5/26,5802995,6616
2021/5/27,5809225,5417
2021/5/28,5840603,30151
2021/5/29,5852883,12072
2021/5/30,5861397,8454
2021/5/31,5865492,3865
2021/6/1,5870714,4694
2021/6/2,5873818,2912
2021/6/3,5878517,5494
2021/6/4,5886692,6336
2021/6/5,5897572,10682
2021/6/6,5906766,9209
2021/6/7,5912412,7313
2021/6/8,5923345,9119
2021/6/9,5934625,10795
2021/6/10,5944805,11371
2021/6/11,5956219,9849
2021/6/12,5970144,14043
2021/6/13,5984211,13335
2021/6/14,5992742,13579
2021/6/15,6000233,5896
2021/6/16,6007717,7090
2021/6/17,6014401,7508
2021/6/18,6014908,6305
2021/6/19,6034147,11400
2021/6/20,6045855,9943
2021/6/21,6053684,7889
2021/6/22,6062295,8386
2021/6/23,6070914,8930
2021/6/24,6080428,8259
2021/6/25,6095771,13961
2021/6/26,6129525,38568
2021/6/27,6136206,6099
2021/6/28,6147129,10338
2021/6/29,6157204,9197
2021/6/30,6166379,8783
2021/7/1,6177119,9993
2021/7/2,6184553,7273
2021/7/3,6194475,9609
2021/7/4,6202985,7920
2021/7/5,6210673,7765
2021/7/6,6223110,11946
2021/7/7,6234523,11937
2021/7/8,6251742,16077
2021/7/9,6387154,122891
2021/7/10,6402823,14638
2021/7/11,6413222,9989
2021/7/12,6422609,8643
2021/7/13,6431327,8716
2021/7/14,6441574,8302
2021/7/15,6454138,12281
2021/7/16,6465894,11331
2021/7/17,6475827,9387
2021/7/18,6486868,11757
2021/7/19,6491645,9340
2021/7/20,6510564,13031
2021/7/21,6530620,18363
2021/7/22,6549227,16893
2021/7/23,6566870,20659
2021/7/24,6582575,13259
2021/7/25,6596449,12671
2021/7/26,6610667,14140
2021/7/27,6623554,11607
2021/7/28,6636497,12551
2021/7/29,6646296,9034
2021/7/30,6656788,10434
2021/7/31,6667953,11031
2021/8/1,6679040,11150
2021/8/3,6702383,11461
2021/8/4,6718379,15927
2021/8/5,6740793,22344
2021/8/6,6758989,18192
2021/8/7,6775070,16107
2021/8/8,6788864,13743
2021/8/9,6807136,18301
2021/8/10,6827185,19992
2021/8/11,6844388,17131
2021/8/12,6858446,14075
2021/8/13,6873418,14931
2021/8/14,6887910,14436
2021/8/15,6903012,15074
2021/8/16,6915823,12753
2021/8/17,6930936,15098
2021/8/18,6959559,28545
2021/8/19,6982544,22937
2021/8/20,7163447,180285
2021/8/21,7182317,18841
2021/8/22,7200427,18067
2021/8/23,7217113,16636
2021/8/24,7232218,15056
2021/8/25,7247319,15067
2021/8/26,7267096,19779
2021/8/27,7282025,14837
2021/8/28,7294928,12913
2021/8/29,7308576,13629
2021/8/30,7321226,12632
2021/8/31,7341367,19742
2021/9/1,7359669,18304
2021/9/2,7370396,10989
2021/9/3,7387370,16710
2021/9/4,7409435,20077
2021/9/5,7426121,16671
2021/9/6,7435329,9125
2021/9/7,7443165,7703
2021/9/8,7450169,7050
2021/9/9,7456167,6213
2021/10/5,7953109,18997
2021/10/6,7968270,15170
2021/10/7,7979097,10793
2021/10/8,7983391,4289
2021/10/9,7989793,6406
2021/10/10,7997984,8162
2021/10/11,8002367,4379
2021/10/12,8007332,4974
2021/10/13,8011218,3875
2021/10/14,8015963,4745
2021/10/15,8024797,8828
2021/10/16,8037522,12747
2021/10/17,8046036,8482
2021/10/18,8048866,2831
2021/10/19,8050882,2371
2021/10/20,8051940,2621
2021/10/21,8054633,2646
2021/10/22,8057924,3257
2021/10/23,8066797,8872
2021/10/24,8076824,9991
2021/10/25,8082511,3288
2021/10/27,8089700,3792
2021/11/5,8140484,5859
2021/11/7,8162473,9135
2021/11/9,8166538,2891
2021/11/11,8177851,6759
2021/11/13,8276378,34120
2021/11/16,8293180,5887
2021/11/18,8301438,3732
2021/11/19,8308442,6996
2021/11/20,8308589,7110
2021/11/21,8328542,12637
2021/11/24,8344788,6193
2021/11/25,8353547,5109
2021/11/26,8361514,6818
2021/11/27,8376973,11622
2021/11/28,8385584,8619
2021/11/29,8388794,3208
2021/11/30,8392980,4183
2021/12/1,8396167,3180
2021/12/2,8400002,3835
2021/12/3,8410423,10355
2021/12/4,8424769,13701
2021/12/5,8432744,7967
2021/12/6,8436419,3673
2021/12/7,8439874,3454
2021/12/8,8445785,5907
2021/12/9,8457603,11806
2021/12/10,8482982,25347
2021/12/11,8502139,19153
2021/12/12,8513063,15291
2021/12/13,8522853,6875
2021/12/14,8529399,6547
2021/12/15,8534318,5047
2021/12/16,8540416,5739
2021/12/17,8549161,8730
2021/12/18,8563964,14789
2021/12/19,8574308,10332
2021/12/20,8578370,5784
2021/12/23,8599140,6082
2021/12/24,8620746,21582
2021/12/25,8639558,19053
2021/12/26,8796162,158483
2021/12/27,8804125,5970
2021/12/28,8811668,7530
2021/12/29,8816938,5269
2021/12/30,8825549,8611
2021/12/31,8854086,28529
2022/1/1,8883799,29674
2022/1/2,8902309,18507
2022/1/3,8914192,11865
2022/1/4,8925536,11340
2022/1/5,8938437,12912
2022/1/6,8953870,15406
2022/1/7,8979674,25795
2022/1/8,9006108,26456
2022/1/9,9027681,21524
2022/1/10,9031961,18485
2022/1/11,9056122,14210
2022/1/12,9070653,14619
2022/1/13,9074541,15049
2022/1/14,9106706,18215
2022/1/15,9131375,24650
2022/1/16,9148950,17553
2022/1/17,9165206,16249
2022/1/18,9183315,18108
2022/1/19,9203141,19795
2022/1/20,9222793,19654
2022/1/21,9255327,31771
2022/1/22,9279022,23716
2022/1/23,9299441,20366
2022/1/24,9320222,20525
2022/1/25,9340603,20344
2022/1/26,9360975,20361
2022/1/27,9382162,21167
2022/1/28,9400698,18515
2022/1/29,9420613,19907
2022/1/30,9440583,19958
2022/1/31,9463948,23339
2022/2/1,9469189,23831
2022/2/2,9512110,24185
2022/2/3,9538784,26631
2022/2/4,9717780,178857
2022/2/5,9744946,27116
2022/2/6,9766575,21602
2022/2/7,9783365,16772
2022/2/8,9799216,15839
2022/2/9,9814985,15758
2022/2/10,9834537,19807
2022/2/12,9866664,14827
2022/2/13,9880472,13804
2022/2/14,9891327,10851
2022/2/15,9908554,17198
2022/2/16,9921112,12546
2022/2/17,9932136,11021
2022/2/18,9944501,12358
2022/2/19,9962145,17627
2022/2/20,9976145,13998
2022/2/21,9982058,5911
2022/2/22,9988901,7252
2022/2/23,9999670,8383
2022/2/24,10009454,9772
2022/2/25,10011818,9945
2022/3/2,10074426,10865
2022/3/3,10079915,5478
2022/3/4,10091897,11983
2022/3/5,10110534,18627
2022/3/6,10121912,15134
2022/3/9,10142515,6236
2022/3/10,10148847,5670
2022/3/11,10160185,11328
2022/3/12,10178878,18666
2022/3/13,10192668,13778
2022/3/14,10198234,5562
2022/3/15,10207003,8768
2022/3/16,10226332,19314
2022/3/17,10242736,16391
2022/3/18,10422131,179098
2022/3/19,10440014,17874
2022/3/20,10453676,13647
2022/3/21,10458550,4868
2022/3/22,10464859,6305
2022/3/23,10472748,7894
2022/3/24,10481641,8875
2022/3/25,10492636,10997
2022/3/26,10508327,15672
2022/3/27,10519935,11616
2022/3/28,10526525,6808
2022/4/1,10556652,8783
2022/4/2,10578392,12560
2022/4/3,10595716,17324
2022/4/4,10612314,16591
2022/4/5,10625728,13394
2022/4/6,10632949,7225
2022/4/7,10640815,7868
2022/4/8,10651166,10329
2022/4/9,10664945,13786
2022/4/10,10676661,11703
2022/4/11,10684343,7685
2022/4/12,10690910,6925
2022/4/13,10697651,6576
2022/4/14,10705451,7971
2022/4/15,10716468,8677
2022/4/16,10731857,15364
2022/4/17,10742361,10497
2022/4/18,10764023,21654
2022/4/19,10778671,14655
2022/4/20,10789358,10685
2022/4/21,10799804,10433
2022/4/22,10814717,14897
2022/4/23,10832390,17641
2022/4/24,10840726,8343
2022/4/25,10848464,7734
2022/4/26,10856004,7524
2022/4/27,10866467,10458
2022/4/28,10879670,13933
2022/4/29,10910264,24458
2022/4/30,10936262,25991
2022/5/1,10957729,21437
2022/5/2,10973074,15336
2022/5/3,10987171,14086
2022/5/4,10997412,10575
2022/5/5,11006142,8887
2022/5/6,11013554,6243
2022/5/7,11023707,9954
2022/5/8,11035627,11940
2022/5/9,11042825,7181
2022/5/10,11050077,7223
2022/5/11,11055942,5873
2022/5/12,11063093,7116
2022/5/13,11073365,10271
2022/5/14,11088850,15486
2022/5/15,11099951,11090
2022/5/16,11107683,7731
2022/5/17,11114095,6403
2022/5/18,11120328,6219
2022/5/19,11156275,35847
2022/5/20,11398171,241677
2022/5/21,11413956,15796
2022/5/22,11424311,10351
2022/5/23,11430491,6192
2022/5/24,11436070,5549
2022/5/25,11442273,6211
2022/5/26,11450208,7902
2022/5/27,11458302,8074
2022/5/28,11469438,11129
2022/5/29,11478519,9091
2022/5/30,11484435,5892
2022/5/31,11490755,6307
2022/6/1,11496627,5875
2022/6/2,11509645,13015
2022/6/3,11528960,19261
2022/6/4,11544355,15434
2022/6/5,11556510,12132
2022/6/6,11565843,9297
2022/6/7,11573299,7751
2022/6/8,11582936,8072
2022/6/9,11591533,8563
2022/6/10,11601764,10202
2022/6/11,11614459,12725
2022/6/12,11625249,10786
2022/6/13,11631703,6448
2022/6/14,11638490,6935
2022/6/15,11647210,8154
2022/6/16,11654666,7441
2022/6/17,11665567,10881
2022/6/18,11680920,15327
2022/6/19,11693288,12333
2022/6/20,11701422,8103
2022/6/21,11709812,8412
2022/6/22,11719289,9443
2022/6/23,11728544,9249
2022/6/24,11737986,9439
2022/6/25,11752134,14246
2022/6/26,11764864,12553
2022/6/27,11774221,9362
2022/6/28,11783689,9464
2022/6/29,11793959,10207
2022/6/30,11820161,26229
2022/7/1,11847423,27136
2022/7/2,12043399,195073
2022/7/3,12062776,19331
2022/7/4,12075425,12621
2022/7/5,12087671,12203
2022/7/6,12099752,12075
2022/7/7,12112959,14005
2022/7/8,12129137,12663
2022/7/9,12152742,23566
2022/7/10,12171431,18717
2022/7/11,12228750,57265
2022/7/12,12268943,40201
2022/7/13,12296320,27317
2022/7/14,12318038,21722
2022/7/15,12337458,19378
2022/7/16,12355719,18243
2022/7/17,12373061,17321
2022/7/18,12388262,15160
2022/7/19,12403628,15369
2022/7/20,12418214,14491
2022/7/21,12431911,13686
2022/7/22,12445894,13957
2022/7/23,12463714,17800
2022/7/24,12480726,17001
2022/7/25,12495230,14452
2022/7/26,12508977,13708
2022/7/27,12524174,15227
2022/7/28,12539854,15637
2022/7/29,12567533,27654
2022/7/30,12586531,19035
2022/7/31,12602139,15560
2022/8/1,12616992,14815
2022/8/2,12630287,13290
2022/8/3,12641674,11398
2022/8/4,12652919,11423
2022/8/5,12665039,10813
2022/8/6,12677739,12490
2022/8/7,12691015,13252
2022/8/8,12704161,13139
2022/8/9,12716116,11910
2022/8/10,12728488,12342
2022/8/11,12761897,33323
2022/8/12,12791628,29735
2022/8/13,13103957,312047
2022/8/14,13117151,13153
2022/8/15,13128937,11781
2022/8/16,13140508,11506
2022/8/17,13150614,10119
2022/8/18,13160628,10001
2022/8/19,13172079,11459
2022/8/20,13184124,12015
2022/8/21,13195506,11357
2022/8/22,13204699,9180
2022/8/23,13217554,12842
2022/8/24,13232343,14735
2022/8/25,13243551,11205
2022/8/26,13255891,12344
2022/8/27,13270807,14910
2022/8/28,13284692,13845
2022/8/29,13294415,9712
2022/8/30,13305992,11560
2022/8/31,13315198,9173
2022/9/1,13322940,7760
2022/9/2,13330981,7997
2022/9/3,13344142,13305
2022/9/4,13355713,11193
2022/9/5,13362895,7244
2022/9/6,13369488,6485
2022/9/7,13374749,5321
2022/9/8,13381024,6182
2022/9/9,13393481,12445
2022/9/10,13413338,19178
2022/9/11,13427976,14654
2022/9/12,13436515,8447
2022/9/13,13441393,4953
2022/9/14,13451440,9708
2022/9/15,13462315,11005
2022/9/16,13631149,166873
2022/9/17,13648505,17342
2022/9/18,13663226,14676
2022/9/19,13668918,5949
2022/9/20,13674230,4945
2022/9/21,13679190,5036
2022/9/22,13684460,5098
2022/9/23,13697648,13170
2022/9/24,13712303,14625
2022/9/25,13722997,10685
2022/9/26,13727837,4836
2022/9/27,13734322,6462
2022/9/28,13758694,24386
2022/9/29,13771697,12972
2022/9/30,13791223,19254
2022/10/1,13815856,24514
2022/10/2,13836466,20865
2022/10/3,13851387,14683
2022/10/4,13863959,13854
2022/10/5,13878688,10988
2022/10/6,13891914,13218
2022/10/7,13903319,11415
2022/10/8,13910617,7270
2022/10/9,13918325,7681
2022/10/10,13924659,6321
2022/10/11,13929990,5332
2022/10/12,13935167,5173
2022/10/13,13942312,7140
2022/10/14,13951689,9384
2022/10/15,13964611,13159
2022/10/16,13974457,9498
2022/10/17,13980664,6202
2022/10/18,13986651,6024
2022/10/19,13992893,6176
2022/10/20,13999724,6743
2022/10/21,14022196,22052
2022/10/22,14043212,20762
2022/10/23,14254725,208944
2022/10/24,14261431,6693
2022/10/25,14266280,4858
2022/10/26,14270834,4544
2022/10/27,14280400,9582
2022/10/28,14283107,10509
2022/10/29,14312374,16689
2022/10/30,14324128,11748
2022/10/31,14332453,8316
2022/11/1,14344341,11898
2022/11/2,14353815,9465
2022/11/3,14361866,8043
2022/11/4,14374229,12311
2022/11/5,14390746,16527
2022/11/6,14402605,11846
2022/11/7,14410897,8286
2022/11/8,14418615,7713
2022/11/9,14426194,7548
2022/11/10,14433974,7827
2022/11/11,14444431,10415
2022/11/12,14459198,14257
2022/11/13,14470215,11030
2022/11/14,14476510,6252
2022/11/15,14482648,6151
2022/11/16,14489367,6690
2022/11/17,14496946,7577
2022/11/18,14500726,7929
2022/11/19,14523374,14391
2022/11/20,14536516,13109
2022/11/21,14544248,7723
2022/11/22,14552991,8461
2022/11/23,14568888,15605
2022/11/24,14583508,14513
2022/11/25,14773423,189969
2022/11/26,14786816,13384
2022/11/27,14797436,10566
2022/11/28,14805559,8026
2022/11/29,14813540,7960
2022/11/30,14821704,8152
2022/12/1,14831136,9428
2022/12/2,14841908,10751
2022/12/3,14852891,14270
2022/12/5,14890133,15268
2022/12/6,14913184,22995
2022/12/7,14924694,11477
2022/12/8,14933717,8974
2022/12/9,14950180,16405
2022/12/10,14967477,17288
2022/12/11,14980822,13344
2022/12/12,14988997,8155
2022/12/13,14998197,9213
2022/12/14,15007483,9244
2022/12/15,15018319,10792
2022/12/16,15029702,11380
2022/12/17,15044645,15046
2022/12/18,15057812,12947
2022/12/19,15067676,9876
2022/12/20,15080514,12755
2022/12/21,15091581,11057
2022/12/22,15102579,10981
2022/12/23,15114431,11906
2022/12/24,15126845,12248
2022/12/25,15138592,11743
2022/12/26,15151282,12629
2022/12/27,15163781,12392
2022/12/28,15176694,12985
2022/12/29,15190533,13674
2022/12/30,15209706,19201
2022/12/31,15228372,18498
2023/1/1,15242524,14068
2023/1/2,15256389,13730
2023/1/3,15268865,12538
2023/1/4,15290997,21818
2023/1/5,15314966,24150
2023/1/6,15587912,269937
2023/1/7,15599559,11592
2023/1/8,15611082,11403
2023/1/9,15621353,10179
2023/1/10,15631966,10592
2023/1/11,15643410,11358
2023/1/12,15657334,13638
2023/1/13,15682063,24417
2023/1/14,15702033,20044
2023/1/15,15717612,15377
2023/1/16,15731055,13259
2023/1/17,15747437,16333
2023/1/18,15763165,15691
2023/1/20,15803922,19722
2023/1/22,15839465,17679
2023/1/23,15855604,15303
2023/1/24,15868098,12061
2023/1/25,15877949,12671
2023/1/26,15890860,12341
2023/1/27,15904355,10083
2023/1/28,15909641,11765
2023/1/29,15917794,9760
2023/1/30,15931630,10578
2023/1/31,15942282,8755
2023/2/1,15952822,9879
2023/2/2,15962940,10098
2023/2/3,15972932,9416
2023/2/4,15983321,9944
2023/2/5,15994788,10782
2023/2/6,16004303,9398
2023/2/7,16008939,4048
2023/2/8,16016242,7135
2023/2/9,16023899,7561
2023/2/10,16034654,10393
2023/2/11,16049363,14202
2023/2/12,16060622,10848
2023/2/13,16067716,6971
2023/2/14,16071242,3556
2023/2/15,16082199,10295
2023/2/16,16091701,9467
2023/2/17,16215929,122013
2023/2/18,16232499,16532
2023/2/19,16244565,11964
2023/2/20,16248813,4248
2023/2/21,16252037,3131
2023/2/22,16256209,4207
2023/2/23,16261384,4839
2023/2/24,16271118,9628
2023/2/25,16286688,15337
2023/2/26,16296096,9381
2023/2/27,16298881,2781
2023/2/28,16303089,3972
2023/3/1,16308165,4768
2023/3/2,16312915,4724
2023/3/3,16322467,9273
2023/3/4,16339025,15777
2023/3/5,16348531,9533
2023/3/6,16352065,3441
2023/3/27,16483682,6432
2023/3/29,16497913,5506
2023/3/30,16508577,10741
2023/3/31,16636312,127919
2023/4/1,16654552,16646
2023/4/2,16668501,13981
2023/4/3,16675134,6566
2023/4/4,16676130,6812
2023/4/7,16717232,11730
2023/4/8,16732452,12408
2023/4/9,16741157,15268
2023/4/10,16745305,4392
2023/4/11,16754493,5906
2023/4/12,16758625,3979
2023/4/13,16764408,5910
2023/4/14,16775303,10191
2023/4/15,16795122,18461
2023/4/16,16807592,11105
2023/4/17,16811172,3591
2023/4/18,16815622,4113
2023/4/19,16820186,4493
2023/4/20,16826305,5380
2023/4/21,16835927,9704
2023/4/22,16852834,16410
2023/4/23,16859976,6592
2023/4/24,16864844,4619
2023/4/25,16867486,4538
2023/4/29,16903676,8208
2023/4/30,16920553,14564
2023/5/1,16934993,14418
2023/5/2,16946320,10359
2023/5/3,16954713,8303
2023/5/4,16956072,4872
2023/5/6,16965910,3839
2023/5/7,16975494,9473
2023/5/8,16977966,2623
2023/5/9,16981627,3234
2023/5/10,16983920,2337
2023/5/11,16986738,3259
2023/5/12,16997301,7886
2023/5/13,17067688,69976
2023/5/14,17076507,8764
2023/5/15,17079415,2556
2023/5/16,17082015,2780
2023/5/17,17084025,1811
2023/5/18,17086793,2794
2023/5/19,17092043,5056
2023/5/20,17103579,11243
2023/5/21,17111057,7611
2023/5/22,17111135,75
2023/5/23,17114881,3555
2023/5/24,17115814,980
2023/5/25,17120400,4455
2023/5/26,17129265,8606
2023/5/27,17143915,14470
2023/5/28,17153648,9396
2023/5/29,17157546,3897
2023/5/30,17161211,3624
2023/5/31,17164761,3543
2023/6/1,17169540,4748
2023/6/3,17186131,8525
2023/6/4,17195795,9201
2023/6/5,17201485,5008
2023/6/6,17206972,5180
2023/6/7,17210105,4969
2023/6/8,17212337,1742
2023/6/9,17218018,4164
2023/6/10,17221069,8334
2023/6/11,17235834,14538
2023/6/12,17251248,9382
2023/6/13,17255217,3015
2023/6/14,17260110,4888
2023/6/15,17266787,6670
2023/6/16,17273427,7240
2023/6/17,17287490,12495
2023/6/18,17299176,11006
2023/6/19,17303448,8583
2023/6/20,17313918,6993
2023/6/21,17325947,11860
2023/6/22,17344760,18661
2023/6/23,17416142,70267
2023/6/24,17424405,8428
2023/6/25,17431645,7276
2023/6/26,17438110,6412
2023/6/27,17444954,6346
2023/6/28,17451909,6534
2023/6/29,17461294,8774
2023/6/30,17470783,8930
2023/7/1,17483902,13035
2023/7/2,17494132,10270
2023/7/3,17507635,13159
2023/7/4,17521335,13277
2023/7/5,17534480,13033
2023/7/6,17550042,15118
2023/7/7,17564055,13973
2023/7/8,17579237,14639
2023/7/9,17591477,12232
2023/7/10,17602859,11359
2023/7/11,17612944,10010
2023/7/12,17623693,10475
2023/7/13,17633995,10002
2023/7/14,17645263,11225
2023/7/15,17656913,11654
2023/7/16,17668093,10930
2023/7/17,17677209,9035
2023/7/18,17687326,10088
2023/7/19,17698721,11377
2023/7/20,17707292,8558
2023/7/21,17718247,10891
2023/7/22,17730106,11792
2023/7/23,17739685,9292
2023/7/24,17749036,9328
2023/7/25,17756357,7337
2023/7/26,17765735,9369
2023/7/27,17774772,9026
2023/7/28,17784741,9951
2023/7/29,17795248,10486
2023/7/30,17807040,11787
2023/7/31,17816586,9519
2023/8/1,17827962,11445
2023/8/2,17838124,9813
2023/8/3,17843645,12527
2023/8/4,17852398,11531
2023/8/5,17987914,111643
2023/8/6,17997309,9107
2023/8/7,18009970,10491
2023/8/8,18021356,7560
2023/8/9,18027761,8417
2023/8/10,18034981,7207
2023/8/11,18049872,12769
2023/8/12,18077980,18174
2023/8/13,18091206,17652
2023/8/14,18109586,14332
2023/8/16,18125946,13612
2023/8/18,18159264,15442
2023/8/19,18180860,13036
2023/8/20,18195116,13958
2023/8/21,18206808,11448
2023/8/22,18217955,10337
2023/8/23,18229209,11166
2023/8/24,18238863,9606
2023/8/25,18248535,8305
2023/8/26,18259710,10971
2023/8/27,18268502,9914
2023/8/30,18294929,7967
2023/8/31,18299279,4374
2023/9/1,18302913,3575
2023/9/2,18310706,7906
2023/9/3,18317334,6392
2023/9/4,18319498,2317
2023/9/5,18321745,1961
2023/9/6,18324907,3273
2023/9/7,18325291,3371
2023/9/9,18342342,6098
2023/9/10,18350032,6918
2023/9/11,18353398,3086
2023/9/12,18355052,1617
2023/9/13,18357534,2478
2023/9/14,18362104,4566
2023/9/15,18430731,68498
2023/9/16,18441583,10877
2023/9/17,18450517,8919
2023/9/18,18454027,3508
2023/9/19,18457970,3935
2023/9/20,18459231,1261
2023/9/21,18461632,2393
2023/9/22,18466766,5121
2023/9/23,18474888,10437
2023/9/24,18486311,7957
2023/9/25,18488833,2515
2023/9/26,18491476,2654
2023/9/27,18495507,4025
2023/9/28,18510669,15170
2023/9/29,18532930,22212
2023/9/30,18550257,17320
2023/10/1,18566510,16398
2023/10/2,18579133,12401
2023/10/3,18590871,11723
2023/10/4,18601544,10673
2023/10/5,18611649,10091
2023/10/6,18618604,6980
2023/10/7,18622847,4196
2023/10/8,18626052,3218
2023/10/9,18629233,3269
2023/10/10,18632347,3022
2023/10/11,18634725,2337
2023/10/12,18636743,2024
2023/10/13,18643578,6834
2023/10/14,18655623,12110
2023/10/15,18664803,9168
2023/10/16,18667312,2520
2023/10/17,18669684,2387
2023/10/18,18672608,2836
2023/10/19,18675343,2752
2023/10/20,18682825,7394
2023/10/21,18695657,12855
2023/10/22,18702908,7231
2023/10/23,18704909,1993
2023/10/24,18707631,2669
2023/10/25,18710093,2441
2023/10/26,18714040,3979
2023/10/27,18729825,15512
2023/10/28,18745023,15134
2023/10/29,18754242,9216
2023/10/30,18757984,3737
2023/10/31,18762159,4150
2023/11/1,18765350,3193
2023/11/2,18769883,4522
2023/11/3,18855090,85080
2023/11/4,18868965,14026
2023/11/5,18878371,9240
2023/11/6,18880540,2164
2023/11/7,18885576,5058
2023/11/8,18887501,1904
2023/11/9,18890821,3310
2023/11/10,18898252,7421
2023/11/11,18912476,14201
2023/11/12,18922582,10056
2023/11/13,18926423,3827
2023/11/14,18930050,3622
2023/11/15,18933927,3863
2023/11/16,18938521,4581
2023/11/17,18946742,8272
2023/11/18,18960771,14144
2023/11/19,18971319,9786
2023/11/20,18975165,3916
2023/11/21,18978785,3639
2023/11/22,18982145,3239
2023/11/23,18984742,2563
2023/11/24,18991571,6619
2023/11/25,19003538,11903
2023/11/26,19011690,8145
2023/11/27,19014512,2814
2023/11/28,19016852,2336
2023/11/29,19020077,3221
2023/11/30,19023723,3645
2023/12/1,19033200,9381
2023/12/2,19047114,13901
2023/12/3,19059563,12471
2023/12/4,19067891,8320
2023/12/5,19077298,9397
2023/12/6,19085463,8223
2023/12/7,19092517,7038
2023/12/8,19163257,70614
2023/12/9,19181125,17878
2023/12/10,19190973,9879
2023/12/11,19195114,4127
2023/12/12,19199150,4032
2023/12/13,19203796,4684
2023/12/14,19208105,4323
2023/12/15,19214159,6059
2023/12/16,19224878,10470
2023/12/17,19233229,8310
2023/12/18,19237173,3907
2023/12/19,19241618,4484
2023/12/20,19245280,3652
2023/12/21,19249222,3730
2023/12/22,19255963,6614
2023/12/23,19265805,9831
2023/12/24,19273123,7331
2023/12/25,19275467,2327
2023/12/26,19277484,2009
2023/12/27,19279534,2038
2023/12/28,19281674,2145
2023/12/29,19286572,4827
2023/12/30,19296676,10056
2023/12/31,19306541,9839
2024/1/1,19313291,6674
2024/1/2,19315727,2459
2024/1/3,19318553,2790
2024/1/4,19320054,1518
2024/1/5,19322870,2772
2024/1/6,19331205,8300
2024/1/7,19338061,6790
2024/1/8,19339578,1525
2024/1/9,19341067,1495
2024/1/10,19343236,2188
2024/1/11,19346567,3293
2024/1/12,19352668,6030
2024/1/13,19361624,8926
2024/1/14,19368034,6343
2024/1/15,19371042,2965
2024/1/16,19374048,3077
2024/1/17,19378999,4666
2024/1/18,19383827,4907
2024/1/19,19443884,60001
2024/1/20,19444510,607
2024/1/21,19362610,-77763
2024/1/22,19283376,-78343
2024/1/23,19252128,-31268
2024/1/24,19236767,-15033
2024/1/25,19234057,-2706
2024/1/26,19234558,515
2024/1/27,19235956,1389
2024/1/28,19239997,4034
2024/1/29,19236912,-3078
2024/1/30,19237937,1024
2024/1/31,19244255,6334
2024/2/1,19252707,8409
2024/2/2,19263293,10393
2024/2/3,19274120,10799
2024/2/4,19283870,9805
2024/2/5,19292276,8085
2024/2/6,19299876,7575
2024/2/7,19307340,7477
2024/2/8,19315132,7776
2024/2/9,19324822,9742
2024/2/10,19326775,9635
2024/2/11,19340294,7559
2024/2/12,19347230,6923
2024/2/13,19353606,6346
2024/2/14,19359061,5173
2024/2/15,19365355,6068
2024/2/16,19370541,5185
2024/2/17,19374533,3931
2024/2/18,19378969,4215
2024/2/19,19383601,4323
2024/2/20,19386626,2922
2024/2/21,19391822,5091
2024/2/26,19416203,4744
2024/2/27,19417225,989
2024/2/28,19418698,1471
2024/2/29,19420958,2255
2024/3/1,19465342,44086
2024/3/2,19474085,8714
2024/3/3,19479626,5502
2024/3/4,19480173,615
2024/3/5,19481234,1032
2024/3/6,19482444,1207
2024/3/7,19483081,635
2024/3/8,19487620,4474
2024/3/9,19495783,8108
2024/3/10,19500895,5135
2024/3/11,19502026,1140
2024/3/12,19502460,432
2024/3/13,19502859,381
2024/3/14,19503968,1103
2024/3/15,19508969,5003
2024/3/16,19518071,9004
2024/3/17,19523399,5444
2024/3/18,19524719,1263
2024/3/19,19525931,1262
2024/3/20,19527338,1352
2024/3/21,19527921,558
2024/3/22,19532298,4370
2024/3/23,19539810,7510
2024/3/24,19545376,5564
2024/3/25,19545631,375
2024/3/26,19546382,726
2024/3/27,19546821,429
2024/3/28,19546054,-729
2024/3/29,19548634,2572
2024/3/30,19554490,5846
2024/3/31,19558287,3858
2024/4/1,19558184,-92
2024/4/2,19557843,-201
2024/4/3,19561203,3210
2024/4/4,19568068,6850
2024/4/5,19574253,6047
2024/4/6,19577539,3196
2024/4/7,19577384,-130
2024/4/8,19578312,914
2024/4/9,19579388,1112
2024/4/10,19580437,1065
2024/4/11,19582615,2211
2024/4/12,19623169,40154
2024/4/13,19629168,5964
2024/4/14,19633973,4945
2024/4/15,19634652,664
2024/4/16,19635791,1188
2024/4/17,19638343,2526
2024/4/18,19640087,1829
2024/4/19,19645087,4476
2024/4/20,19654048,7773
2024/4/21,19660095,6025
2024/4/22,19659728,-215
2024/4/23,19660299,437
2024/4/24,19659758,38
2024/4/25,19661352,1272
2024/4/26,19661367,910
2024/4/27,19672096,7671
2024/4/28,19675040,2393
2024/4/29,19674739,1458
2024/4/30,19679048,3174
