"Date","income"
"2024-05-14","498482"
"2024-05-13","450402"
"2024-05-12","434457"
"2024-05-11","484442"
"2024-05-10","435268"
"2024-05-09","397070"
"2024-05-08","481318"
"2024-05-07","478309"
"2024-05-06","517389"
"2024-05-05","519951"
"2024-05-04","465477"
"2024-05-03","620420"
"2024-05-02","619092"
"2024-05-01","648855"
"2024-04-30","1248883"
"2024-04-29","1181271"
"2024-04-28","1796690"
"2024-04-27","1805476"
"2024-04-26","1845585"
"2024-04-25","1881663"
"2024-04-24","435426"
"2024-04-23","692766"
"2024-04-22","378869"
"2024-04-21","290680"
"2024-04-20","271028"
"2024-04-19","338889"
"2024-04-18","427928"
"2024-04-17","434698"
"2024-04-16","361614"
"2024-04-15","345920"
"2024-04-14","374927"
"2024-04-13","376977"
"2024-04-12","336457"
"2024-04-11","478592"
"2024-04-10","618677"
"2024-04-09","700912"
"2024-04-08","718524"
"2024-04-07","1174201"
"2024-04-06","1523783"
"2024-04-05","1487862"
"2024-04-04","1478075"
"2024-04-03","1809866"
"2024-04-02","279378"
"2024-04-01","259673"
"2024-03-31","202924"
"2024-03-30","213740"
"2024-03-29","215321"
"2024-03-28","237460"
"2024-03-27","245521"
"2024-03-26","287254"
"2024-03-25","313201"
"2024-03-24","307353"
"2024-03-23","303175"
"2024-03-22","316906"
"2024-03-21","458478"
"2024-03-20","501815"
"2024-03-19","517987"
"2024-03-18","1586325"
"2024-03-17","1792168"
"2024-03-16","1808299"
"2024-03-15","1784941"
"2024-03-14","1844351"
"2024-03-13","236509"
"2024-03-12","244983"
"2024-03-11","269677"
"2024-03-10","211617"
"2024-03-09","179717"
"2024-03-08","179414"
"2024-03-07","194135"
"2024-03-06","229570"
"2024-03-05","267153"
"2024-03-04","306739"
"2024-03-03","227816"
"2024-03-02","195560"
"2024-03-01","1024472"
"2024-02-29","229594"
"2024-02-28","228982"
"2024-02-27","267267"
"2024-02-26","313845"
"2024-02-25","281487"
"2024-02-24","313662"
"2024-02-23","597215"
"2024-02-22","731641"
"2024-02-21","1819385"
"2024-02-20","494316"
"2024-02-19","359738"
"2024-02-18","381005"
"2024-02-17","333242"
"2024-02-16","334586"
"2024-02-15","389011"
"2024-02-14","497755"
"2024-02-13","445399"
"2024-02-12","476985"
"2024-02-11","453682"
"2024-02-10","434822"
"2024-02-09","391772"
"2024-02-08","519742"
"2024-02-07","478247"
"2024-02-06","550441"
"2024-02-05","1523064"
"2024-02-04","1805726"
"2024-02-03","1811098"
"2024-02-02","1842004"
"2024-02-01","1836303"
"2024-01-31","342973"
"2024-01-30","364891"
"2024-01-29","312860"
"2024-01-28","313066"
"2024-01-27","313626"
"2024-01-26","617953"
"2024-01-25","353234"
"2024-01-24","386883"
"2024-01-23","407375"
"2024-01-22","372597"
"2024-01-21","386448"
"2024-01-20","330548"
"2024-01-19","391704"
"2024-01-18","480871"
"2024-01-17","570295"
"2024-01-16","570116"
"2024-01-15","582250"
"2024-01-14","720646"
"2024-01-13","1256123"
"2024-01-12","1517889"
"2024-01-11","951482"
"2024-01-10","1845161"
"2024-01-09","431620"
"2024-01-08","330455"
"2024-01-07","494100"
"2024-01-06","313278"
"2024-01-05","276349"
"2024-01-04","361001"
"2024-01-03","358545"
"2024-01-02","359587"
"2024-01-01","262467"
"2023-12-31","310760"
"2023-12-30","320727"
"2023-12-29","351920"
"2023-12-28","519316"
"2023-12-27","692417"
"2023-12-26","1518747"
"2023-12-25","1545725"
"2023-12-24","1812462"
"2023-12-23","1820812"
"2023-12-22","1818394"
"2023-12-21","1828931"
"2023-12-20","1569908"
"2023-12-19","198426"
"2023-12-18","234965"
"2023-12-17","299500"
"2023-12-16","184158"
"2023-12-15","186426"
"2023-12-14","187368"
"2023-12-13","204852"
"2023-12-12","198702"
"2023-12-11","228909"
"2023-12-10","243574"
"2023-12-09","234091"
"2023-12-08","180200"
"2023-12-07","190532"
"2023-12-06","190832"
"2023-12-05","235550"
"2023-12-04","314066"
"2023-12-03","353047"
"2023-12-02","385773"
"2023-12-01","531497"
"2023-11-30","1154805"
"2023-11-29","1832917"
"2023-11-28","1836031"
"2023-11-27","1292972"
"2023-11-26","1433008"
"2023-11-25","771775"
"2023-11-24","621165"
"2023-11-23","1158894"
"2023-11-22","1389124"
"2023-11-21","1514172"
"2023-11-20","1258172"
"2023-11-19","719476"
"2023-11-18","718787"
"2023-11-17","1060439"
"2023-11-16","1285229"
"2023-11-15","1736517"
"2023-11-14","1803881"
"2023-11-13","1283235"
"2023-11-12","1521470"
"2023-11-11","1796185"
"2023-11-10","1844186"
"2023-11-09","1885867"
"2023-11-08","951291"
"2023-11-07","421294"
"2023-11-06","344771"
"2023-11-05","432715"
"2023-11-04","396008"
"2023-11-03","353473"
"2023-11-02","477035"
"2023-11-01","580302"
"2023-10-31","755890"
"2023-10-30","1588986"
"2023-10-29","307015"
"2023-10-28","295761"
"2023-10-27","246872"
"2023-10-26","287937"
"2023-10-25","393180"
"2023-10-24","342206"
"2023-10-23","447018"
"2023-10-22","488135"
"2023-10-21","695524"
"2023-10-20","1516668"
"2023-10-19","1820153"
"2023-10-18","1833913"
"2023-10-17","1425423"
"2023-10-16","718728"
"2023-10-15","768756"
"2023-10-14","635076"
"2023-10-13","1610553"
"2023-10-12","1545112"
"2023-10-11","1534522"
"2023-10-10","1818720"
"2023-10-09","1810710"
"2023-10-08","1792117"
"2023-10-07","1319631"
"2023-10-06","1671545"
"2023-10-05","1516916"
"2023-10-04","1820397"
"2023-10-03","1781143"
"2023-10-02","1843881"
"2023-10-01","1843403"
"2023-09-30","1826955"
"2023-09-29","1843230"
"2023-09-28","1836747"
"2023-09-27","914874"
"2023-09-26","324649"
"2023-09-25","322584"
"2023-09-24","343832"
"2023-09-23","316350"
"2023-09-22","240970"
"2023-09-21","326530"
"2023-09-20","344899"
"2023-09-19","390089"
"2023-09-18","402258"
"2023-09-17","336065"
"2023-09-16","346120"
"2023-09-15","289324"
"2023-09-14","365178"
"2023-09-13","445233"
"2023-09-12","474861"
"2023-09-11","476712"
"2023-09-10","571613"
"2023-09-09","551616"
"2023-09-08","707555"
"2023-09-07","1807367"
"2023-09-06","1843120"
"2023-09-05","1839264"
"2023-09-04","470997"
"2023-09-03","493753"
"2023-09-02","507619"
"2023-09-01","407983"
"2023-08-31","337930"
"2023-08-30","353762"
"2023-08-29","405759"
"2023-08-28","341013"
"2023-08-27","434170"
"2023-08-26","312541"
"2023-08-25","513236"
"2023-08-24","618187"
"2023-08-23","838351"
"2023-08-22","579622"
"2023-08-21","1391194"
"2023-08-20","1257941"
"2023-08-19","1252312"
"2023-08-18","1607614"
"2023-08-17","1788333"
"2023-08-16","1832733"
"2023-08-15","331203"
"2023-08-14","342860"
"2023-08-13","313643"
"2023-08-12","313475"
"2023-08-11","313121"
"2023-08-10","312995"
"2023-08-09","319064"
"2023-08-08","321491"
"2023-08-07","344368"
"2023-08-06","360440"
"2023-08-05","339466"
"2023-08-04","303613"
"2023-08-03","436180"
"2023-08-02","550099"
"2023-08-01","658325"
"2023-07-31","674563"
"2023-07-30","569477"
"2023-07-29","673912"
"2023-07-28","1448167"
"2023-07-27","1234748"
"2023-07-26","1828874"
"2023-07-25","1802307"
"2023-07-24","248130"
"2023-07-23","248016"
"2023-07-22","181796"
"2023-07-21","190063"
"2023-07-20","191755"
"2023-07-19","224083"
"2023-07-18","215418"
"2023-07-17","218230"
"2023-07-16","233712"
"2023-07-15","229394"
"2023-07-14","313505"
"2023-07-13","318947"
"2023-07-12","353583"
"2023-07-11","332577"
"2023-07-10","516780"
"2023-07-09","590343"
"2023-07-08","1470915"
"2023-07-07","1253887"
"2023-07-06","1695632"
"2023-07-05","1792229"
"2023-07-04","793556"
"2023-07-03","484568"
"2023-07-02","432916"
"2023-07-01","453007"
"2023-06-30","352270"
"2023-06-29","320087"
"2023-06-28","505160"
"2023-06-27","587545"
"2023-06-26","503973"
"2023-06-25","612422"
"2023-06-24","516863"
"2023-06-23","428367"
"2023-06-22","521325"
"2023-06-21","635715"
"2023-06-20","681294"
"2023-06-19","595986"
"2023-06-18","721599"
"2023-06-17","973020"
"2023-06-16","1140749"
"2023-06-15","1838405"
"2023-06-14","1883207"
"2023-06-13","468909"
"2023-06-12","332772"
"2023-06-11","313202"
"2023-06-10","312702"
"2023-06-09","322963"
"2023-06-08","358628"
"2023-06-07","343202"
"2023-06-06","313854"
"2023-06-05","313273"
"2023-06-04","329786"
"2023-06-03","313117"
"2023-06-02","313913"
"2023-06-01","345447"
"2023-05-31","346823"
"2023-05-30","345005"
"2023-05-29","447008"
"2023-05-28","492357"
"2023-05-27","610017"
"2023-05-26","1789062"
"2023-05-25","1835033"
"2023-05-24","882675"
"2023-05-23","350883"
"2023-05-22","319023"
"2023-05-21","340901"
"2023-05-20","274455"
"2023-05-19","313990"
"2023-05-18","389954"
"2023-05-17","331494"
"2023-05-16","337848"
"2023-05-15","391735"
"2023-05-14","423423"
"2023-05-13","326721"
"2023-05-12","313204"
"2023-05-11","326695"
"2023-05-10","416159"
"2023-05-09","368839"
"2023-05-08","520144"
"2023-05-07","654061"
"2023-05-06","1287805"
"2023-05-05","1335066"
"2023-05-04","1788639"
"2023-05-03","1820795"
"2023-05-02","1791220"
"2023-05-01","427119"
"2023-04-30","322514"
"2023-04-29","313270"
"2023-04-28","323881"
"2023-04-27","505462"
"2023-04-26","740244"
"2023-04-25","756041"
"2023-04-24","1258973"
"2023-04-23","1279447"
"2023-04-22","758822"
"2023-04-21","793408"
"2023-04-20","927411"
"2023-04-19","1788255"
"2023-04-18","1835732"
"2023-04-17","1835343"
"2023-04-16","1384581"
"2023-04-15","2127172"
"2023-04-14","3708966"
"2023-04-13","3664594"
"2023-04-12","1868918"
"2023-04-11","993251"
"2023-04-10","976599"
"2023-04-09","926303"
"2023-04-08","953784"
"2023-04-07","976394"
"2023-04-06","984868"
"2023-04-05","1030684"
"2023-04-04","989264"
"2023-04-03","941967"
"2023-04-02","1011883"
"2023-04-01","1023015"
"2023-03-31","851552"
"2023-03-30","887756"
"2023-03-29","911939"
"2023-03-28","1354436"
"2023-03-27","1714474"
"2023-03-26","1715485"
"2023-03-25","1789354"
"2023-03-24","3565004"
"2023-03-23","3721763"
"2023-03-22","3670248"
"2023-03-21","667257"
"2023-03-20","361407"
"2023-03-19","335122"
"2023-03-18","277938"
"2023-03-17","302584"
"2023-03-16","325755"
"2023-03-15","322015"
"2023-03-14","362955"
"2023-03-13","401937"
"2023-03-12","413794"
"2023-03-11","391357"
"2023-03-10","379223"
"2023-03-09","402452"
"2023-03-08","439695"
"2023-03-07","518799"
"2023-03-06","612322"
"2023-03-05","698837"
"2023-03-04","874401"
"2023-03-03","1118869"
"2023-03-02","2185122"
"2023-03-01","2009181"
"2023-02-28","1119016"
"2023-02-27","1319063"
"2023-02-26","1363177"
"2023-02-25","1387492"
"2023-02-24","1370266"
"2023-02-23","574638"
"2023-02-22","570909"
"2023-02-21","1361488"
"2023-02-20","1357975"
"2023-02-19","1342245"
"2023-02-18","1388980"
"2023-02-17","1380402"
"2023-02-16","1355251"
"2023-02-15","1706326"
"2023-02-14","1786410"
"2023-02-13","2358700"
"2023-02-12","2342937"
"2023-02-11","2351185"
"2023-02-10","3728657"
"2023-02-09","3722656"
"2023-02-08","3650549"
"2023-02-07","1289639"
"2023-02-06","655132"
"2023-02-05","599372"
"2023-02-04","582306"
"2023-02-03","584330"
"2023-02-02","699249"
"2023-02-01","659502"
"2023-01-31","644943"
"2023-01-30","617011"
"2023-01-29","734333"
"2023-01-28","841896"
"2023-01-27","848064"
"2023-01-26","895126"
"2023-01-25","984628"
"2023-01-24","1095236"
"2023-01-23","1155574"
"2023-01-22","1285107"
"2023-01-21","1533595"
"2023-01-20","1923736"
"2023-01-19","2370979"
"2023-01-18","1350786"
"2023-01-17","1005641"
"2023-01-16","729003"
"2023-01-15","654517"
"2023-01-14","694762"
"2023-01-13","776534"
"2023-01-12","929582"
"2023-01-11","1204699"
"2023-01-10","1159362"
"2023-01-09","1117123"
"2023-01-08","1157660"
"2023-01-07","1172613"
"2023-01-06","1229598"
"2023-01-05","1376680"
"2023-01-04","1366894"
"2023-01-03","1160749"
"2023-01-02","1161702"
"2023-01-01","1358586"
"2022-12-31","2355896"
"2022-12-30","3705806"
"2022-12-29","3692930"
"2022-12-28","3687326"
"2022-12-27","1161282"
"2022-12-26","631861"
"2022-12-25","610973"
"2022-12-24","641317"
"2022-12-23","693069"
"2022-12-22","714486"
"2022-12-21","730476"
"2022-12-20","696090"
"2022-12-19","695251"
"2022-12-18","649650"
"2022-12-17","657358"
"2022-12-16","680982"
"2022-12-15","818975"
"2022-12-14","1008426"
"2022-12-13","1110662"
"2022-12-12","1305867"
"2022-12-11","1406696"
"2022-12-10","1791141"
"2022-12-09","3183453"
"2022-12-08","3717571"
"2022-12-07","1738407"
"2022-12-06","728109"
"2022-12-05","783582"
"2022-12-04","674211"
"2022-12-03","729619"
"2022-12-02","574161"
"2022-12-01","695244"
"2022-11-30","662625"
"2022-11-29","675256"
"2022-11-28","754158"
"2022-11-27","828943"
"2022-11-26","899247"
"2022-11-25","968015"
"2022-11-24","1141505"
"2022-11-23","1323486"
"2022-11-22","1444593"
"2022-11-21","1702176"
"2022-11-20","1850907"
"2022-11-19","2334168"
"2022-11-18","1435405"
"2022-11-17","1217321"
"2022-11-16","1024741"
"2022-11-15","800391"
"2022-11-14","840546"
"2022-11-13","836375"
"2022-11-12","835712"
"2022-11-11","1007689"
"2022-11-10","1609025"
"2022-11-09","1698108"
"2022-11-08","1726045"
"2022-11-07","1684736"
"2022-11-06","2376610"
"2022-11-05","2510147"
"2022-11-04","3672955"
"2022-11-03","3739670"
"2022-11-02","1823724"
"2022-11-01","613536"
"2022-10-31","600059"
"2022-10-30","518634"
"2022-10-29","601220"
"2022-10-28","520600"
"2022-10-27","978110"
"2022-10-26","733269"
"2022-10-25","1251988"
"2022-10-24","1250429"
"2022-10-23","716772"
"2022-10-22","1253978"
"2022-10-21","1235984"
"2022-10-20","1528514"
"2022-10-19","1016947"
"2022-10-18","1539599"
"2022-10-17","1704234"
"2022-10-16","1712181"
"2022-10-15","2339879"
"2022-10-14","859403"
"2022-10-13","640879"
"2022-10-12","621732"
"2022-10-11","631028"
"2022-10-10","609440"
"2022-10-09","599556"
"2022-10-08","632704"
"2022-10-07","699205"
"2022-10-06","678321"
"2022-10-05","866613"
"2022-10-04","989355"
"2022-10-03","1209958"
"2022-10-02","1372789"
"2022-10-01","1376066"
"2022-09-30","1904852"
"2022-09-29","3353428"
"2022-09-28","1781041"
"2022-09-27","641723"
"2022-09-26","654648"
"2022-09-25","697546"
"2022-09-24","597093"
"2022-09-23","591858"
"2022-09-22","614997"
"2022-09-21","625945"
"2022-09-20","627731"
"2022-09-19","669406"
"2022-09-18","686360"
"2022-09-17","771491"
"2022-09-16","839167"
"2022-09-15","971203"
"2022-09-14","1103617"
"2022-09-13","1327065"
"2022-09-12","1377229"
"2022-09-11","1652994"
"2022-09-10","2294943"
"2022-09-09","851156"
"2022-09-08","679111"
"2022-09-07","631487"
"2022-09-06","654159"
"2022-09-05","703784"
"2022-09-04","767868"
"2022-09-03","766349"
"2022-09-02","937980"
"2022-09-01","879587"
"2022-08-31","926013"
"2022-08-30","945179"
"2022-08-29","1180922"
"2022-08-28","1387236"
"2022-08-27","1399436"
"2022-08-26","1775022"
"2022-08-25","3021575"
"2022-08-24","1671785"
"2022-08-23","516578"
"2022-08-22","496817"
"2022-08-21","469763"
"2022-08-20","452641"
"2022-08-19","473685"
"2022-08-18","568508"
"2022-08-17","613406"
"2022-08-16","541153"
"2022-08-15","510100"
"2022-08-14","491395"
"2022-08-13","395869"
"2022-08-12","428694"
"2022-08-11","620476"
"2022-08-10","660595"
"2022-08-09","663815"
"2022-08-08","629369"
"2022-08-07","708558"
"2022-08-06","1000945"
"2022-08-05","1164232"
"2022-08-04","1453016"
"2022-08-03","2342337"
"2022-08-02","1215761"
"2022-08-01","702042"
"2022-07-31","516512"
"2022-07-30","540198"
"2022-07-29","597836"
"2022-07-28","557755"
"2022-07-27","583886"
"2022-07-26","600680"
"2022-07-25","615240"
"2022-07-24","613684"
"2022-07-23","643380"
"2022-07-22","677899"
"2022-07-21","861338"
"2022-07-20","1085145"
"2022-07-19","1319474"
"2022-07-18","1378282"
"2022-07-17","1373011"
"2022-07-16","1417370"
"2022-07-15","2543178"
"2022-07-14","3641518"
"2022-07-13","1729098"
"2022-07-12","507522"
"2022-07-11","491934"
"2022-07-10","383638"
"2022-07-09","370513"
"2022-07-08","444653"
"2022-07-07","490243"
"2022-07-06","519852"
"2022-07-05","516353"
"2022-07-04","591244"
"2022-07-03","595568"
"2022-07-02","493198"
"2022-07-01","444141"
"2022-06-30","496286"
"2022-06-29","554764"
"2022-06-28","584086"
"2022-06-27","618134"
"2022-06-26","734381"
"2022-06-25","845095"
"2022-06-24","1019216"
"2022-06-23","1454612"
"2022-06-22","1715343"
"2022-06-21","1055298"
"2022-06-20","715960"
"2022-06-19","694025"
"2022-06-18","767067"
"2022-06-17","837094"
"2022-06-16","870415"
"2022-06-15","780452"
"2022-06-14","729168"
"2022-06-13","815992"
"2022-06-12","834809"
"2022-06-11","908838"
"2022-06-10","1023661"
"2022-06-09","1115159"
"2022-06-08","1514939"
"2022-06-07","1657279"
"2022-06-06","1701124"
"2022-06-05","1684662"
"2022-06-04","1773352"
"2022-06-03","2366585"
"2022-06-02","3196513"
"2022-06-01","3683490"
"2022-05-31","1872463"
"2022-05-30","694616"
"2022-05-29","694346"
"2022-05-28","593842"
"2022-05-27","547270"
"2022-05-26","616346"
"2022-05-25","641017"
"2022-05-24","674782"
"2022-05-23","688582"
"2022-05-22","657401"
"2022-05-21","615105"
"2022-05-20","571040"
"2022-05-19","593622"
"2022-05-18","620657"
"2022-05-17","742701"
"2022-05-16","767776"
"2022-05-15","769488"
"2022-05-14","665256"
"2022-05-13","844301"
"2022-05-12","924644"
"2022-05-11","882706"
"2022-05-10","835825"
"2022-05-09","846092"
"2022-05-08","890000"
"2022-05-07","942081"
"2022-05-06","970294"
"2022-05-05","926674"
"2022-05-04","858210"
"2022-05-03","808707"
"2022-05-02","636669"
"2022-05-01","698580"
"2022-04-30","610461"
"2022-04-29","655141"
"2022-04-28","927263"
"2022-04-27","1043581"
"2022-04-26","1070453"
"2022-04-25","1173611"
"2022-04-24","1157504"
"2022-04-23","1289432"
"2022-04-22","1381720"
"2022-04-21","2635336"
"2022-04-20","3664623"
"2022-04-19","1009494"
"2022-04-18","836894"
"2022-04-17","843442"
"2022-04-16","869200"
"2022-04-15","911840"
"2022-04-14","850866"
"2022-04-13","777262"
"2022-04-12","832669"
"2022-04-11","844184"
"2022-04-10","843167"
"2022-04-09","887239"
"2022-04-08","885231"
"2022-04-07","928173"
"2022-04-06","972511"
"2022-04-05","1052546"
"2022-04-04","1089144"
"2022-04-03","1305276"
"2022-04-02","1369434"
"2022-04-01","1615894"
"2022-03-31","2990657"
"2022-03-30","1971360"
"2022-03-29","964051"
"2022-03-28","850509"
"2022-03-27","835401"
"2022-03-26","915340"
"2022-03-25","947859"
"2022-03-24","934537"
"2022-03-23","1006364"
"2022-03-22","999580"
"2022-03-21","866132"
"2022-03-20","889881"
"2022-03-19","921159"
"2022-03-18","1087485"
"2022-03-17","1160217"
"2022-03-16","1276126"
"2022-03-15","1379453"
"2022-03-14","1368462"
"2022-03-13","1527899"
"2022-03-12","1716664"
"2022-03-11","2554669"
"2022-03-10","3742387"
"2022-03-09","3718353"
"2022-03-08","975074"
"2022-03-07","573383"
"2022-03-06","523784"
"2022-03-05","502948"
"2022-03-04","519788"
"2022-03-03","543279"
"2022-03-02","508846"
"2022-03-01","506521"
"2022-02-28","512547"
"2022-02-27","524313"
"2022-02-26","507653"
"2022-02-25","575156"
"2022-02-24","648560"
"2022-02-23","689716"
"2022-02-22","694222"
"2022-02-21","843380"
"2022-02-20","1153251"
"2022-02-19","1388541"
"2022-02-18","1705942"
"2022-02-17","2343450"
"2022-02-16","1292181"
"2022-02-15","647794"
"2022-02-14","704715"
"2022-02-13","692513"
"2022-02-12","845141"
"2022-02-11","932799"
"2022-02-10","914526"
"2022-02-09","769253"
"2022-02-08","772308"
"2022-02-07","691462"
"2022-02-06","719934"
"2022-02-05","966512"
"2022-02-04","1053459"
"2022-02-03","1292782"
"2022-02-02","1378474"
"2022-02-01","1423852"
"2022-01-31","1245921"
"2022-01-30","1401166"
"2022-01-29","1372004"
"2022-01-28","1701364"
"2022-01-27","2324399"
"2022-01-26","3702469"
"2022-01-25","847477"
"2022-01-24","560250"
"2022-01-23","549597"
"2022-01-22","552094"
"2022-01-21","516604"
"2022-01-20","601685"
"2022-01-19","705842"
"2022-01-18","698065"
"2022-01-17","695827"
"2022-01-16","622187"
"2022-01-15","629279"
"2022-01-14","695530"
"2022-01-13","834984"
"2022-01-12","758071"
"2022-01-11","804188"
"2022-01-10","916627"
"2022-01-09","1120762"
"2022-01-08","1378368"
"2022-01-07","1735049"
"2022-01-06","2334679"
"2022-01-05","1025116"
"2022-01-04","393843"
"2022-01-03","404032"
"2022-01-02","402139"
"2022-01-01","393375"
"2021-12-31","362383"
"2021-12-30","374268"
"2021-12-29","450738"
"2021-12-28","500825"
"2021-12-27","442930"
"2021-12-26","384701"
"2021-12-25","395723"
"2021-12-24","474176"
"2021-12-23","538050"
"2021-12-22","577251"
"2021-12-21","605205"
"2021-12-20","617038"
"2021-12-19","637139"
"2021-12-18","781418"
"2021-12-17","1194740"
"2021-12-16","2165320"
"2021-12-15","2313757"
"2021-12-14","706121"
"2021-12-13","608189"
"2021-12-12","624070"
"2021-12-11","593823"
"2021-12-10","573763"
"2021-12-09","538545"
"2021-12-08","544138"
"2021-12-07","535194"
"2021-12-06","507705"
"2021-12-05","510296"
"2021-12-04","504377"
"2021-12-03","533963"
"2021-12-02","595558"
"2021-12-01","620198"
"2021-11-30","606654"
"2021-11-29","675029"
"2021-11-28","991536"
"2021-11-27","1254315"
"2021-11-26","1643054"
"2021-11-25","2562877"
"2021-11-24","1712210"
"2021-11-23","666779"
"2021-11-22","641594"
"2021-11-21","612652"
"2021-11-20","569350"
"2021-11-19","565379"
"2021-11-18","595927"
"2021-11-17","616613"
"2021-11-16","650013"
"2021-11-15","652646"
"2021-11-14","684729"
"2021-11-13","695483"
"2021-11-12","651654"
"2021-11-11","660795"
"2021-11-10","699794"
"2021-11-09","695862"
"2021-11-08","714976"
"2021-11-07","948756"
"2021-11-06","1112433"
"2021-11-05","1641933"
"2021-11-04","3678315"
"2021-11-03","3717660"
"2021-11-02","542160"
"2021-11-01","388668"
"2021-10-31","339458"
"2021-10-30","269548"
"2021-10-29","224999"
"2021-10-28","232281"
"2021-10-27","247432"
"2021-10-26","279209"
"2021-10-25","324247"
"2021-10-24","330543"
"2021-10-23","264060"
"2021-10-22","273471"
"2021-10-21","336005"
"2021-10-20","426299"
"2021-10-19","486011"
"2021-10-18","495122"
"2021-10-17","540461"
"2021-10-16","572489"
"2021-10-15","1054346"
"2021-10-14","1375917"
"2021-10-13","642437"
"2021-10-12","216743"
"2021-10-11","222629"
"2021-10-10","208026"
"2021-10-09","205018"
"2021-10-08","231149"
"2021-10-07","255118"
"2021-10-06","280466"
"2021-10-05","316519"
"2021-10-04","291247"
"2021-10-03","238062"
"2021-10-02","213693"
"2021-10-01","225050"
"2021-09-30","233537"
"2021-09-29","265706"
"2021-09-28","317582"
"2021-09-27","369700"
"2021-09-26","451434"
"2021-09-25","526778"
"2021-09-24","612053"
"2021-09-23","917101"
"2021-09-22","1228181"
"2021-09-21","734503"
"2021-09-20","689719"
"2021-09-19","749386"
"2021-09-18","660104"
"2021-09-17","692800"
"2021-09-16","669770"
"2021-09-15","664169"
"2021-09-14","625201"
"2021-09-13","633809"
"2021-09-12","661366"
"2021-09-11","767622"
"2021-09-10","851431"
"2021-09-09","1067600"
"2021-09-08","1557302"
"2021-09-07","1688002"
"2021-09-06","1721820"
"2021-09-05","2325099"
"2021-09-04","2505994"
"2021-09-03","3709822"
"2021-09-02","3687852"
"2021-09-01","1782153"
"2021-08-31","500916"
"2021-08-30","412759"
"2021-08-29","344036"
"2021-08-28","304254"
"2021-08-27","263175"
"2021-08-26","310008"
"2021-08-25","339483"
"2021-08-24","363126"
"2021-08-23","409243"
"2021-08-22","468972"
"2021-08-21","470390"
"2021-08-20","303140"
"2021-08-19","360767"
"2021-08-18","420326"
"2021-08-17","459639"
"2021-08-16","432044"
"2021-08-15","474764"
"2021-08-14","581799"
"2021-08-13","902175"
"2021-08-12","1123995"
"2021-08-11","1343347"
"2021-08-10","689561"
"2021-08-09","567569"
"2021-08-08","463311"
"2021-08-07","455753"
"2021-08-06","496940"
"2021-08-05","503866"
"2021-08-04","478850"
"2021-08-03","566453"
"2021-08-02","618488"
"2021-08-01","609067"
"2021-07-31","574810"
"2021-07-30","610558"
"2021-07-29","837502"
"2021-07-28","921256"
"2021-07-27","935501"
"2021-07-26","1077927"
"2021-07-25","1380818"
"2021-07-24","1382992"
"2021-07-23","1464644"
"2021-07-22","2126173"
"2021-07-21","1053946"
"2021-07-20","305655"
"2021-07-19","345596"
"2021-07-18","338968"
"2021-07-17","270385"
"2021-07-16","275390"
"2021-07-15","304110"
"2021-07-14","285278"
"2021-07-13","298292"
"2021-07-12","324742"
"2021-07-11","381140"
"2021-07-10","381435"
"2021-07-09","424816"
"2021-07-08","534686"
"2021-07-07","553069"
"2021-07-06","618979"
"2021-07-05","660767"
"2021-07-04","752163"
"2021-07-03","895308"
"2021-07-02","1185534"
"2021-07-01","1362075"
"2021-06-30","1302745"
"2021-06-29","1386439"
"2021-06-28","155172"
"2021-06-27","144001"
"2021-06-26","136206"
"2021-06-25","129579"
"2021-06-24","151275"
"2021-06-23","170089"
"2021-06-22","176258"
"2021-06-21","184889"
"2021-06-20","209429"
"2021-06-19","200307"
"2021-06-18","215134"
"2021-06-17","241343"
"2021-06-16","297418"
"2021-06-15","345480"
"2021-06-14","417035"
"2021-06-13","454665"
"2021-06-12","536301"
"2021-06-11","875795"
"2021-06-10","1595130"
"2021-06-09","818311"
"2021-06-08","498313"
"2021-06-07","491213"
"2021-06-06","440955"
"2021-06-05","431090"
"2021-06-04","446624"
"2021-06-03","415996"
"2021-06-02","427666"
"2021-06-01","419506"
"2021-05-31","490351"
"2021-05-30","515992"
"2021-05-29","489602"
"2021-05-28","544634"
"2021-05-27","546588"
"2021-05-26","571403"
"2021-05-25","628345"
"2021-05-24","741394"
"2021-05-23","839879"
"2021-05-22","923256"
"2021-05-21","1142394"
"2021-05-20","1415039"
"2021-05-19","2383433"
"2021-05-18","466295"
"2021-05-17","245580"
"2021-05-16","228283"
"2021-05-15","205315"
"2021-05-14","214820"
"2021-05-13","279329"
"2021-05-12","303629"
"2021-05-11","290715"
"2021-05-10","284198"
"2021-05-09","273711"
"2021-05-08","235872"
"2021-05-07","300284"
"2021-05-06","377849"
"2021-05-05","421262"
"2021-05-04","477370"
"2021-05-03","571962"
"2021-05-02","628092"
"2021-05-01","856108"
"2021-04-30","1232112"
"2021-04-29","2039040"
"2021-04-28","2336547"
"2021-04-27","162441"
"2021-04-26","159862"
"2021-04-25","154885"
"2021-04-24","149921"
"2021-04-23","137290"
"2021-04-22","171305"
"2021-04-21","207216"
"2021-04-20","220575"
"2021-04-19","253220"
"2021-04-18","277483"
"2021-04-17","237609"
"2021-04-16","222513"
"2021-04-15","269321"
"2021-04-14","291085"
"2021-04-13","333733"
"2021-04-12","447760"
"2021-04-11","542156"
"2021-04-10","667925"
"2021-04-09","902498"
"2021-04-08","1092652"
"2021-04-07","1381253"
"2021-04-06","514545"
"2021-04-05","374618"
"2021-04-04","357904"
"2021-04-03","299644"
"2021-04-02","317773"
"2021-04-01","300592"
"2021-03-31","282971"
"2021-03-30","311376"
"2021-03-29","327960"
"2021-03-28","346113"
"2021-03-27","343767"
"2021-03-26","331995"
"2021-03-25","422889"
"2021-03-24","512985"
"2021-03-23","550801"
"2021-03-22","724169"
"2021-03-21","841867"
"2021-03-20","1147649"
"2021-03-19","1426824"
"2021-03-18","3023360"
"2021-03-17","1779686"
"2021-03-16","692360"
"2021-03-15","690537"
"2021-03-14","690195"
"2021-03-13","682566"
"2021-03-12","669019"
"2021-03-11","752414"
"2021-03-10","699567"
"2021-03-09","752718"
"2021-03-08","778208"
"2021-03-07","941662"
"2021-03-06","1142338"
"2021-03-05","1353071"
"2021-03-04","1705126"
"2021-03-03","2533228"
"2021-03-02","713263"
"2021-03-01","617950"
"2021-02-28","761249"
"2021-02-27","847388"
"2021-02-26","1051024"
"2021-02-25","1398799"
"2021-02-24","1696585"
"2021-02-23","447393"
"2021-02-22","438536"
"2021-02-21","411527"
"2021-02-20","484161"
"2021-02-19","803654"
"2021-02-18","873854"
"2021-02-17","630010"
"2021-02-16","532133"
"2021-02-15","475256"
"2021-02-14","519446"
"2021-02-13","566153"
"2021-02-12","525155"
"2021-02-11","518226"
"2021-02-10","560886"
"2021-02-09","616606"
"2021-02-08","758682"
"2021-02-07","889965"
"2021-02-06","1320794"
"2021-02-05","1715270"
"2021-02-04","2049577"
"2021-02-03","1380779"
"2021-02-02","575983"
"2021-02-01","569611"
"2021-01-31","601375"
"2021-01-30","572225"
"2021-01-29","570879"
"2021-01-28","574298"
"2021-01-27","571431"
"2021-01-26","573905"
"2021-01-25","570694"
"2021-01-24","571279"
"2021-01-23","570317"
"2021-01-22","570452"
"2021-01-21","572773"
"2021-01-20","570854"
"2021-01-19","571420"
"2021-01-18","571362"
"2021-01-17","573554"
"2021-01-16","574756"
"2021-01-15","603706"
"2021-01-14","571216"
"2021-01-13","571237"
"2021-01-12","290960"
"2021-01-11","291314"
"2021-01-10","291320"
"2021-01-09","290624"
"2021-01-08","289467"
"2021-01-07","569998"
"2021-01-06","569879"
"2021-01-05","572339"
"2021-01-04","572884"
"2021-01-03","569556"
"2021-01-02","571046"
"2021-01-01","357016"
"2020-12-31","468552"
"2020-12-30","502406"
"2020-12-29","566408"
"2020-12-28","677276"
"2020-12-27","572752"
"2020-12-26","1208723"
"2020-12-25","1521372"
"2020-12-24","1814402"
"2020-12-23","1840216"
"2020-12-22","517005"
"2020-12-21","720824"
"2020-12-20","770591"
"2020-12-19","516202"
"2020-12-18","477296"
"2020-12-17","517721"
"2020-12-16","791090"
"2020-12-15","619496"
"2020-12-14","617770"
"2020-12-13","571022"
"2020-12-12","716581"
"2020-12-11","719324"
"2020-12-10","716213"
"2020-12-09","722806"
"2020-12-08","716097"
"2020-12-07","716740"
"2020-12-06","782104"
"2020-12-05","1478552"
"2020-12-04","1808728"
"2020-12-03","1834525"
"2020-12-02","1836356"
"2020-12-01","1843299"
"2020-11-30","615465"
"2020-11-29","569439"
"2020-11-28","572036"
"2020-11-27","484099"
"2020-11-26","519881"
"2020-11-25","840286"
"2020-11-24","575016"
"2020-11-23","1008172"
"2020-11-22","784411"
"2020-11-21","839698"
"2020-11-20","734101"
"2020-11-19","1321401"
"2020-11-18","717986"
"2020-11-17","782494"
"2020-11-16","1259424"
"2020-11-15","1516942"
"2020-11-14","1527316"
"2020-11-13","1519764"
"2020-11-12","1526436"
"2020-11-11","1787563"
"2020-11-10","545725"
"2020-11-09","619261"
"2020-11-08","676907"
"2020-11-07","517362"
"2020-11-06","616097"
"2020-11-05","551771"
"2020-11-04","794091"
"2020-11-03","516723"
"2020-11-02","517723"
"2020-11-01","517723"
"2020-10-31","569720"
"2020-10-30","608520"
"2020-10-29","640137"
"2020-10-28","582008"
"2020-10-27","787682"
"2020-10-26","1467531"
"2020-10-25","1588653"
"2020-10-24","1789700"
"2020-10-23","1811568"
"2020-10-22","1812600"
"2020-10-21","1883518"
"2020-10-20","558528"
"2020-10-19","596879"
"2020-10-18","1194978"
"2020-10-17","1490130"
"2020-10-16","1675220"
"2020-10-15","1814748"
"2020-10-14","1815285"
"2020-10-13","1803618"
"2020-10-12","1515592"
"2020-10-11","1782467"
"2020-10-10","1805368"
"2020-10-09","1804259"
"2020-10-08","1784352"
"2020-10-07","1817253"
"2020-10-06","1815227"
"2020-10-05","1816348"
"2020-10-04","1813924"
"2020-10-03","1818647"
"2020-10-02","1821982"
"2020-10-01","1816613"
"2020-09-30","1809778"
"2020-09-29","1828843"
"2020-09-28","1844272"
"2020-09-27","298"
"2020-09-26","173"
"2020-09-25","303"
"2020-09-24","0"
"2020-09-23",""
"2020-09-22",""
"2020-09-21",""
"2020-09-20",""
"2020-09-19",""
"2020-09-18",""
"2020-09-17",""
"2020-09-16",""
"2020-09-15",""
"2020-09-14",""
"2020-09-13",""
"2020-09-12",""
"2020-09-11",""
"2020-09-10",""
"2020-09-09",""
"2020-09-08",""
"2020-09-07",""
"2020-09-06",""
"2020-09-05",""
"2020-09-04",""
"2020-09-03",""
"2020-09-02",""
"2020-09-01",""
"2020-08-31",""
"2020-08-30",""
"2020-08-29",""
"2020-08-28",""
"2020-08-27",""
"2020-08-26",""
"2020-08-25",""
"2020-08-24",""
"2020-08-23",""
"2020-08-22",""
"2020-08-21",""
"2020-08-20",""
"2020-08-19",""
"2020-08-18",""
"2020-08-17",""
"2020-08-16",""
"2020-08-15",""
"2020-08-14",""
"2020-08-13",""
"2020-08-12",""
"2020-08-11",""
"2020-08-10",""
"2020-08-09",""
"2020-08-08",""
"2020-08-07",""
"2020-08-06",""
"2020-08-05",""
"2020-08-04",""
"2020-08-03",""
"2020-08-02",""
"2020-08-01",""
"2020-07-31",""
"2020-07-30",""
"2020-07-29",""
"2020-07-28",""
"2020-07-27",""
"2020-07-26",""
"2020-07-25",""
"2020-07-24",""
"2020-07-23",""
"2020-07-22",""
"2020-07-21",""
"2020-07-20",""
"2020-07-19",""
"2020-07-18",""
"2020-07-17",""
"2020-07-16",""
"2020-07-15",""
"2020-07-14",""
"2020-07-13",""
"2020-07-12",""
"2020-07-11",""
"2020-07-10",""
"2020-07-09",""
"2020-07-08",""
"2020-07-07",""
"2020-07-06",""
"2020-07-05",""
"2020-07-04",""
"2020-07-03",""
"2020-07-02",""
"2020-07-01",""
"2020-06-30",""
"2020-06-29",""
"2020-06-28",""
"2020-06-27",""
"2020-06-26",""
"2020-06-25",""
"2020-06-24",""
"2020-06-23",""
"2020-06-22",""
"2020-06-21",""
"2020-06-20",""
"2020-06-19",""
"2020-06-18",""
"2020-06-17",""
"2020-06-16",""
"2020-06-15",""
"2020-06-14",""
"2020-06-13",""
"2020-06-12",""
"2020-06-11",""
"2020-06-10",""
"2020-06-09",""
"2020-06-08",""
"2020-06-07",""
"2020-06-06",""
"2020-06-05",""
"2020-06-04",""
"2020-06-03",""
"2020-06-02",""
"2020-06-01",""
"2020-05-31",""
"2020-05-30",""
"2020-05-29",""
"2020-05-28",""
"2020-05-27",""
"2020-05-26",""
"2020-05-25",""
"2020-05-24",""
"2020-05-23",""
"2020-05-22",""
"2020-05-21",""
"2020-05-20",""
"2020-05-19",""
"2020-05-18",""
"2020-05-17",""
"2020-05-16",""
"2020-05-15",""
"2020-05-14",""
"2020-05-13",""
"2020-05-12",""
"2020-05-11",""
"2020-05-10",""
"2020-05-09",""
"2020-05-08",""
"2020-05-07",""
"2020-05-06",""
"2020-05-05",""
"2020-05-04",""
"2020-05-03",""
"2020-05-02",""
"2020-05-01",""
"2020-04-30",""
"2020-04-29",""
"2020-04-28",""
"2020-04-27",""
"2020-04-26",""
"2020-04-25",""
"2020-04-24",""
"2020-04-23",""
"2020-04-22",""
"2020-04-21",""
"2020-04-20",""
"2020-04-19",""
"2020-04-18",""
"2020-04-17",""
"2020-04-16",""
"2020-04-15",""
"2020-04-14",""
"2020-04-13",""
"2020-04-12",""
"2020-04-11",""
"2020-04-10",""
"2020-04-09",""
"2020-04-08",""
"2020-04-07",""
"2020-04-06",""
"2020-04-05",""
"2020-04-04",""
"2020-04-03",""
"2020-04-02",""
"2020-04-01",""
