序号,UP主名称,作品ID,作品标题,发布时间,获赞数,分享数,评论数,投币数,收藏数,弹幕数,播放数
1,原神,BV1Pm421g7rG,《原神》活动过场动画-「荒泷生命摇滚堇瓜飞行大合唱」,2024-05-13 18:00:00,58688,5089,3430,15895,10255,2425,510869
2,原神,BV1rt421c795,《原神》过场动画-「道别」,2024-04-30 18:00:36,78272,3413,2547,16892,13650,1331,767406
3,原神,BV1mH4y1G7Ua,《原神》过场动画-「处刑」,2024-04-29 18:05:36,77977,4078,7402,14383,14365,3417,982667
4,原神,BV13w4m117CT,《原神》过场动画-「两界之火的遗烬」,2024-04-29 18:00:36,48826,1265,1921,7800,7330,550,528606
5,原神,BV1Lr42137pp,「终末的赦祷颂-演绎版」：《原神》「光与影的诀别」MV,2024-04-26 12:00:00,125200,9927,3163,45693,27776,2393,2063515
6,原神,BV1KD421n7PG,《原神》EP - 灯影柔寂之夜,2024-04-25 12:00:00,50035,954,1409,5766,6818,733,425611
7,原神,BV1Sr421G7ap,《原神》拾枝杂谈-「阿蕾奇诺：厄影余辉」,2024-04-24 12:00:00,67204,1998,3586,9548,7707,2769,730006
8,原神,BV1Nr42137s3,《原神》角色演示-「阿蕾奇诺：摇篮曲」,2024-04-23 12:00:46,248765,46716,10185,105305,62214,10634,3823147
9,原神,BV18t421P7u7,《原神》阿蕾奇诺角色PV——「安然入睡」,2024-04-18 12:00:46,265927,33073,10178,87854,69832,11442,4332805
10,原神,BV1xZ421Y7a1,《原神》动画短片——「烬中歌」,2024-04-17 12:00:46,500061,139786,22377,308056,196326,39656,6687781
11,原神,BV1sD421p7Tm,《原神》动画短片——「烬中歌」即将发布,2024-04-16 12:00:00,319687,46134,9908,47326,33967,4525,2748874
12,原神,BV1rH4y1K7jS,《原神》4.6版本「两界为火，赤夜将熄」前瞻特别节目,2024-04-12 21:20:00,80058,3086,4330,14093,14926,16409,1499777
13,原神,BV1RC411G7oH,《原神》4.6版本PV：「两界为火，赤夜将熄」,2024-04-12 20:40:46,168368,19352,8895,43233,33377,11351,3632620
14,原神,BV1VZ421B7nU,《原神》EP - 雨濯万象之息,2024-04-02 12:00:00,83239,3572,5763,16009,10920,4333,876022
15,原神,BV1ky421v7N5,《原神》剧情PV-「裁锦织夜」,2024-03-18 18:00:08,77854,3073,3631,22033,15495,1789,781354
16,原神,BV11K421s7J8,《原神》拾枝杂谈-「千织：锦馨满袖」,2024-03-13 12:00:00,58211,1293,2669,6798,5362,1598,611463
17,原神,BV19D42177u9,《原神》角色演示-「千织：绮意千纫」,2024-03-12 12:00:09,151257,15154,6129,37768,24618,2793,1882003
18,原神,BV15H4y1j7xF,《原神》千织角色PV——「绯织一心」,2024-03-07 12:00:59,212463,20363,10343,46547,44645,7285,2671462
19,原神,BV1zK421t7pP,《原神》4.5版本「铓锋锦间裁」前瞻特别节目,2024-03-01 21:00:00,79379,2361,5542,9583,8410,8909,1369507
20,原神,BV1XJ4m1e77G,《原神》4.5版本PV：「铓锋锦间裁」,2024-03-01 20:30:30,106720,4455,5624,19408,18075,3256,2629802
21,原神,BV1UC411W72k,《原神》寻味之旅——「璃月食集」第七期,2024-02-26 12:00:57,81474,3672,2122,18896,9844,3290,619420
22,原神,BV1qF4m1T7t9,瑞兽登楼——《原神》嘉明创作的幕后,2024-02-10 12:00:00,79855,3062,2851,25162,10460,5060,819664
23,原神,BV19p421d7A8,《原神》彩鹞栉春风活动过场动画-「飞鹞问风」,2024-02-09 18:00:01,138424,16693,9272,75308,42071,15369,1234896
24,原神,BV15J4m1b7WW,《原神》拾枝杂谈-「嘉明：霓舞烟霞」,2024-02-01 12:00:00,59999,1324,1998,5228,5674,2056,585386
25,原神,BV1gv421i7ad,《原神》拾枝杂谈-「闲云：云顶星月」,2024-01-31 12:00:00,72903,2101,4080,8134,6720,3568,820930
26,原神,BV1R2421w7pR,《原神》角色演示-「闲云：逸风逍遥」,2024-01-30 12:00:32,209598,29296,10984,58939,38750,15175,2747910
27,原神,BV1rC4y167Vw,《原神》角色演示-「嘉明：吉彩高照」,2024-01-29 12:00:32,163350,19242,5807,30950,25910,9852,1897010
28,原神,BV18a4y1k78p,《原神》闲云角色PV——「玄巧灵心」,2024-01-25 12:00:34,263788,34613,14164,73542,57093,27624,3696610
29,原神,BV1aT4y1b7yA,《原神》提瓦特风尚·衣装PV - 寒月浸霓裳,2024-01-24 12:00:00,127205,14107,9589,22328,15262,10830,1463469
30,原神,BV1be41117NE,《原神》定格动画-「瑞兽祥闻」,2024-01-20 12:00:00,151088,6563,10786,23270,19804,8721,1889693
31,原神,BV1UK411e7kn,《原神》4.4版本「彩鹞栉春风」前瞻特别节目,2024-01-19 21:50:00,109676,5049,18601,23647,17433,44436,2106424
32,原神,BV1yK411e7xJ,原来又是一年,2024-01-19 21:15:31,53938,1782,1864,5723,4059,1730,467790
33,原神,BV1rV411X7FK,《原神》4.4版本PV：「彩鹞栉春风」,2024-01-19 20:50:31,172789,20774,23154,49418,45495,14624,4993020
34,原神,BV1xa4y1m7AS,《原神》「流光拾遗之旅」——尘世篇·金银细工,2024-01-12 12:00:00,91245,8343,2463,25871,10319,3153,712664
35,原神,BV1SN4y1v7k8,《原神》拾枝杂谈-「夏沃蕾：遵行为要」,2024-01-09 18:00:00,48789,961,1837,4888,4282,1488,488833
36,原神,BV16t4y1d7XE,【刘欢】原神×三星堆博物馆联动推广曲《青铜》,2024-01-09 12:00:34,169571,27298,7191,87045,40289,5610,1321784
37,原神,BV1bW4y1P7Qk,《原神》七圣召唤亚洲邀请赛宣传片-「决斗，即将上演！」,2024-01-05 18:00:00,48732,3488,1719,5191,4848,800,547207
38,原神,BV1ZT4y1W7LR,《原神》角色演示-「夏沃蕾：弹无虚发」,2024-01-05 12:00:52,111177,4642,2381,16033,11890,599,1203057
39,原神,BV12e411v7oR,《原神》寻味之旅——「璃月食集」第六期,2024-01-03 12:00:55,102505,4224,2360,23941,11113,3418,772517
40,原神,BV1Qb4y137Ab,《原神》蔷薇与铳枪活动过场动画-「两个铳枪手」,2023-12-27 18:00:08,97866,5113,3877,23123,18495,2522,1014017
41,原神,BV1ZN4y1x74v,《原神》线上音乐会2023 - 无际之旅的旋律,2023-12-22 20:00:00,127356,13589,4137,81444,52874,22466,1086827
42,原神,BV1Ri4y1a7nU,原神×三星堆博物馆联动短片-「古物见闻」,2023-12-20 18:00:40,92618,4865,2308,23957,15845,2440,900688
43,原神,BV1AW4y1F7ZL,《原神》拾枝杂谈-「娜维娅：新航的启幕」,2023-12-20 12:00:00,68646,1570,3116,9642,6264,2375,713700
44,原神,BV1pG411Y7Jv,《原神》角色演示-「娜维娅：非官方追缉」,2023-12-19 12:00:17,231598,36241,8148,83562,47430,10361,2757724
45,原神,BV1si4y1a7Lz,原神×三星堆博物馆联动PV-「仰观千秋 俯察万象」,2023-12-18 12:00:16,206867,24310,5476,69770,41223,9327,1936783
46,原神,BV1Rj411p7b1,《原神交响音乐会2023》上海场官方录播完整版,2023-12-16 12:00:16,238962,47623,9034,199941,137412,59112,3319283
47,原神,BV1hu4y1T7wz,《原神》娜维娅角色PV——「特邀嘉宾」,2023-12-14 12:00:16,210749,21520,8150,59859,33424,7080,2676897
48,原神,BV1pN41157Ah,原神音乐会2023 - 无际之旅的旋律（预告片）,2023-12-09 12:05:00,56916,2010,1528,6412,4558,470,512933
49,原神,BV1zQ4y1V7y5,《原神》4.3版本「蔷薇与铳枪」前瞻特别节目回顾,2023-12-08 21:35:00,81039,2521,3266,14151,12861,19067,1457959
50,原神,BV1GC4y1X77i,《原神》4.3版本PV：「蔷薇与铳枪」,2023-12-08 20:50:36,198140,16000,8536,44166,37625,11495,4581841
51,原神,BV1AQ4y1V7bV,《原神》「流光拾遗之旅」——尘世篇·蛋雕,2023-12-07 12:00:00,107233,4042,2067,35899,11082,2861,1127251
52,原神,BV1Zw411P7uK,水的轻语——《原神》「轻涟」系列创作的幕后,2023-11-29 12:00:00,194240,10555,6390,94026,36839,8977,1761953
53,原神,BV1vu4y1b7Y9,《原神》过场动画-「罪人的终幕」,2023-11-17 18:00:53,276309,26390,11100,184375,103131,11663,2989718
54,原神,BV12w411W7i2,《原神》过场动画-「吞星之鲸」,2023-11-15 18:00:55,125746,5761,4788,27839,21215,3397,1430406
55,原神,BV1pa4y1S77e,《原神》「流光拾遗之旅」——尘世篇·麦秆画,2023-11-13 12:39:28,110155,4836,2341,40366,12083,3357,1082584
56,原神,BV1ng4y197g4,【阿云嘎】原神剧情曲《轻涟》（法语演绎版）,2023-11-12 12:10:00,172830,19657,8756,56539,36862,7661,2469995
57,原神,BV1cH4y1B7rH,【谭维维】原神剧情曲《轻涟》（中文演绎版）,2023-11-12 12:00:00,180714,14768,5405,63074,42542,5051,2584405
58,原神,BV1eG41197wb,【胡夏】原神剧情曲《轻涟》（中文演绎版）,2023-11-11 12:10:00,212639,19700,6652,79389,50091,4947,2681634
59,原神,BV1wC4y1n7Bu,【尚雯婕】原神剧情曲《轻涟》（法语演绎版）,2023-11-11 12:00:00,183189,15975,4955,64940,43360,3404,2402739
60,原神,BV17N411g7Ft,《原神》游戏剧情EP「轻涟」MV,2023-11-10 12:00:00,390062,54533,10223,252950,143844,5942,7232538
61,原神,BV1Jg4y197YW,《原神》剧情PV-「轻涟」,2023-11-09 18:00:08,599024,109708,23715,500115,321472,27509,12399757
62,原神,BV1Jc411R7gi,《原神》拾枝杂谈-「夏洛蒂：独家报道！」,2023-11-09 12:00:00,51304,636,2044,3733,3796,1225,452251
63,原神,BV1XQ4y1n7hp,《原神》拾枝杂谈-「芙宁娜：镜中影」,2023-11-08 12:00:00,126002,2842,9590,24936,19263,5474,1618462
64,原神,BV1ZG411X71k,《原神》角色演示-「芙宁娜：世界皆舞台」,2023-11-07 12:00:11,638355,123990,50497,445473,236107,48905,12264939
65,原神,BV1EN411G7km,《原神》EP - 百草余芳之忆,2023-11-06 12:00:00,66334,1680,2279,6352,5230,1686,591095
66,原神,BV1oa4y1X7Zt,《原神》芙宁娜角色PV——「戏中人」,2023-11-05 12:00:17,428667,61583,17575,196287,109663,30618,7338132
67,原神,BV1su4y1776b,《原神》角色演示-「夏洛蒂：爆炸新闻！」,2023-11-04 12:00:17,139378,8164,3981,25417,18610,3243,1542315
68,原神,BV1EM411Q7pS,《原神》4.2版本「罪人舞步旋」前瞻特别节目,2023-11-03 21:50:00,97689,3444,3558,18106,21285,18733,1787723
69,原神,BV1Cc411d7EX,《原神》4.2版本PV：「罪人舞步旋」,2023-11-03 21:00:17,320001,64841,17356,111321,71782,23307,8497859
70,原神,BV12N411x7pe,《原神》寻味之旅——「璃月食集」第五期,2023-10-25 12:00:34,121695,8381,4279,34637,17838,5360,1412976
71,原神,BV1Eu4y1p7EU,《原神》剧情PV-「清泉之心」,2023-10-18 18:00:33,185119,24029,7539,79156,55509,3459,1940405
72,原神,BV1YG41127GD,《原神》拾枝杂谈-「莱欧斯利：今时新规」,2023-10-17 18:00:00,61017,1846,2975,7044,5512,2212,689766
73,原神,BV1H34y1g7oE,《原神》角色演示-「莱欧斯利：即兴发挥」,2023-10-16 12:00:37,245853,61286,13391,88054,51251,11643,3509953
74,原神,BV1ou411K7QC,《原神》莱欧斯利角色PV——「必要流程」,2023-10-11 12:00:47,208099,35119,7752,56472,34637,7184,2517100
75,原神,BV1o84y1U7jC,旅人的徜徉——《原神》枫丹音乐的幕后,2023-10-04 12:00:00,74022,3192,2859,23102,9271,3490,1141302
76,原神,BV1kw411m7TV,《原神》过场动画-「为时尚早」,2023-10-03 12:00:05,173257,19052,7076,47684,39266,8644,2216803
77,原神,BV1uu411g7eA,「原神交响音乐会2023——上海梅奔场」精彩回顾,2023-10-02 12:10:00,77973,2889,2160,10536,7617,934,671892
78,原神,BV1DC4y157Jc,《原神》「流光拾遗之旅」——仙闻篇·顾绣,2023-09-29 12:00:00,94498,2945,1874,26509,10112,2657,911358
79,原神,BV1iu4y167di,《原神》提瓦特冒险纪念视频：旅行三周年手札,2023-09-28 12:00:00,110609,2868,3278,28701,17842,7004,872555
80,原神,BV1bp4y1F7wQ,《原神》拾枝杂谈-「那维莱特：古世行律」,2023-09-27 12:00:00,83111,2535,4738,9775,7203,3162,1088403
81,原神,BV1FC4y1f7hW,《原神》角色演示-「那维莱特：万水归一」,2023-09-26 12:00:14,247140,46481,10870,88270,48083,13339,3665335
82,原神,BV1iP411b7fH,《原神》那维莱特角色PV——「水中之眼」,2023-09-21 12:00:23,272763,47963,10988,80869,49709,13775,3621339
83,原神,BV18h4y1A7GF,《原神》三周年配音演员祝福-「来自幕后的心意」,2023-09-17 12:00:00,190218,8634,5157,61489,50677,24206,1699314
84,原神,BV1pF411U7mn,「咏歌与凯旋」：《原神》枫丹篇OST宣传MV,2023-09-16 12:00:00,87621,5954,2657,24125,17697,1708,1671804
85,原神,BV1bh4y1e7Ky,《原神》4.1版本「向深水中的晨星」前瞻特别节目,2023-09-15 21:20:00,128267,5349,4993,39123,38571,30459,2143271
86,原神,BV1ch4y1e75x,《原神》三周年玩家群像短片——守候的足迹,2023-09-15 21:05:00,147987,10117,3105,45746,23841,3302,1096369
87,原神,BV1yu4y167ew,《原神》4.1版本PV：「向深水中的晨星」,2023-09-15 20:55:33,270129,51765,14456,90868,54587,26393,8256985
88,原神,BV13h4y1Y7xD,原神×隋文静/韩聪 - 合作幕后,2023-09-13 13:12:40,80874,2630,1801,11066,4430,1531,735634
89,原神,BV1KN4y1X7DB,原神×隋文静/韩聪 - 以花样滑冰演绎「冰风组曲」,2023-09-13 12:00:00,273504,23290,4839,67656,31131,7449,2551279
90,原神赛事,BV1jz4y1578E,《原神》影幻杯宣传片 - 「接下来，是我的回合！」,2023-09-12 12:00:00,61918,2701,2110,4325,3363,1068,949864
91,原神,BV1MP411a7oM,《原神》拾枝杂谈-「菲米尼：机巧的余温」,2023-09-05 18:00:00,54711,1283,2703,4945,3978,1713,527905
92,原神,BV16p4y1j7mx,《原神》角色演示-「菲米尼：海露幽响」,2023-09-01 12:00:58,128711,8541,4187,14765,14138,3497,1418676
93,原神,BV1FF411y72Z,《原神》过场动画——「暴风骤雨之际」,2023-08-25 18:00:09,150251,8019,8044,22314,18242,4638,1793145
94,原神,BV1Bp4y1E73a,《原神》「流光拾遗之旅」——仙闻篇·龙泉青瓷,2023-08-24 12:00:00,179580,14821,6290,71080,22976,9289,1403189
95,原神,BV1Vr4y1R7Z8,《原神》枫丹实机画面展示片｜Gamescom 2023,2023-08-23 12:00:00,161907,5930,4977,21838,14642,2660,1405246
96,原神,BV1h841197yq,《原神》剧情PV-「荣耀归于传承」,2023-08-18 18:00:47,180652,10235,7108,46671,42013,5157,1988183
97,原神,BV1Qp4y1g7hD,《原神》拾枝杂谈-「琳妮特：影中破伪」,2023-08-17 12:00:00,90878,1636,3594,7900,7722,2158,941534
98,原神,BV1Y8411X7Yy,《原神》拾枝杂谈-「林尼：辉下辨真」,2023-08-16 12:00:00,84269,2682,4498,8041,7319,3278,910291
99,原神,BV18u4y197uv,《原神》角色演示-「琳妮特：箱中窥猫」,2023-08-15 12:05:54,248393,20625,7175,42897,34978,7270,3283101
100,原神,BV1ij411B7Rt,《原神》角色演示-「林尼：帽底匿迹」,2023-08-15 12:00:54,248319,31856,12123,63258,49738,12547,4142562
101,原神,BV1y94y1k7d3,「原神☆FES」回顾视频,2023-08-13 17:56:04,101409,4742,3917,12207,10337,1962,976093
102,原神,BV1k44y1c7Ex,《原神》2023交响音乐会CM短片,2023-08-13 14:30:00,439626,70527,13503,140650,142526,19107,3314818
103,原神,BV1MV411372M,《原神》林尼角色PV——「掌中天幕」,2023-08-10 12:00:03,258496,33736,13017,57642,35725,16531,3373617
104,原神,BV17h4y1r7C1,《原来你也玩原神》番外篇——小嘉,2023-08-05 12:15:00,106238,7681,2526,8418,7501,4550,1290003
105,原神,BV1Q14y1B7es,《原神》4.0宣传短片：指尖奇旅,2023-08-05 12:10:00,120608,4899,2393,12191,8660,3235,1396756
106,原神,BV1Bu4y117aj,《原神》枫丹交响音乐现场,2023-08-05 12:00:00,199594,28301,11395,82621,61880,9768,4108040
107,原神,BV1Zx4y1X7qC,《原神》4.0版本「仿若无因飘落的轻雨」前瞻特别节目,2023-08-04 21:00:00,166932,10791,11271,46029,41093,59725,2721092
108,原神,BV1pu411p7hY,《原神》4.0版本PV：「仿若无因飘落的轻雨」,2023-08-04 20:45:13,363363,68491,24913,118167,73831,40578,8357695
109,原神,BV1ax4y197cP,《原神》EP - 逆风散羽之别,2023-07-25 12:00:00,167709,14909,28148,57178,45458,16029,1732405
110,原神,BV1W8411D7J3,原神☆FES 活动PV,2023-07-11 12:00:00,227310,34748,10064,25483,23315,8746,2738086
111,原神,BV1ss4y1k7CD,《原神》序曲PV——「致终幕的欢宴」,2023-07-03 12:00:22,845665,374785,66453,413189,201943,76260,14486447
112,原神,BV12X4y1W7sT,《原神》提瓦特风尚·衣装PV - 巧戏一幕,2023-06-24 12:00:00,161146,16522,5894,18929,16093,3542,2000919
113,原神,BV1Tz4y1H7hX,《原神》3.8版本「清夏！乐园？大秘境！」前瞻特别节目,2023-06-23 21:15:00,114665,6849,8509,20034,12339,20955,1952752
114,原神,BV1ju41187cv,《原神》3.8版本PV：「清夏！乐园？大秘境！」,2023-06-23 20:30:22,186402,17285,13918,37445,23268,8414,11065489
115,原神,BV12a4y1w77i,《原神》风物集短片-璃月篇,2023-06-21 12:00:54,232865,19401,6538,90327,51125,9927,1822980
116,原神,BV1hh411T7WN,《原神》EP-谛思归悟之境,2023-06-13 12:00:00,80678,3942,5283,14190,10773,3757,752041
117,原神,BV1fs4y1i7wm,《原神》「神工天巧·宝录之章」玩法介绍,2023-06-07 12:00:00,60699,2326,3426,4552,2991,1294,643348
118,原神,BV1GM4y1e7rp,《原神》剧情PV-「牌中秘宝」,2023-06-02 18:00:27,87938,3263,5394,15674,10683,1647,946896
119,原神,BV1Zh4y1x7RL,《原神》过场动画-「流星知愿」,2023-05-26 18:00:05,237337,29673,29968,173767,90712,10389,2422379
120,原神,BV1gL411z7Kz,《原神》拾枝杂谈-「绮良良：呜喵疾行」,2023-05-24 12:00:00,84265,3282,5006,9572,7645,3159,986025
121,原神,BV1sP411d7Jc,《原神》角色演示-「绮良良：歧尾万巷行」,2023-05-19 12:00:13,252895,38636,10954,49582,30454,7269,3632542
122,原神,BV1zm4y1b7FW,《原神》3.7版本「决斗！召唤之巅！」前瞻特别节目,2023-05-13 21:10:00,84958,3609,7538,11474,8565,15808,1688034
123,原神,BV1KV4y1r7WE,科颜氏×原神联动PV-「巡林奇遇，自在净颜」,2023-05-13 20:45:00,76703,7180,3938,5019,6809,1592,892948
124,原神,BV1MM4y1t7v1,《原神》3.7版本PV：「决斗！召唤之巅！」,2023-05-13 20:30:13,171633,13928,21470,33499,25866,10887,5575693
125,原神,BV1oP411y7wZ,《原神》盛典与慧业活动过场动画-「荣冕」,2023-05-05 18:00:56,98344,5363,73135,22768,22884,3502,1203508
126,原神,BV1Vh411L7st,《原神》剧情PV-「长生」,2023-05-04 18:00:57,133283,7661,6805,30901,21187,3478,1341000
127,原神,BV19s4y1g7KC,《原神》拾枝杂谈-「卡维：宏愿迢迢」,2023-05-03 12:00:00,64813,1278,4700,8310,6438,1867,641664
128,原神,BV1MX4y1U7Sb,《原神》拾枝杂谈-「白术：良药知时」,2023-05-02 18:00:00,63599,1483,4062,6470,4622,2485,609503
129,原神,BV1WM411G7QZ,《原神》角色演示-「白术：治则求本」,2023-05-01 12:00:01,172317,19441,9039,37741,23201,9687,2136155
130,原神,BV1MT411H7ia,《原神》角色演示-「卡维：忱挚织穹」,2023-04-28 12:00:32,177640,19268,10351,39294,30170,8785,2346641
131,原神,BV1oX4y1B76Y,《原神》白术角色PV——「良方难觅」,2023-04-26 12:00:07,253659,30151,9086,48990,30775,9433,3084432
132,原神,BV1zM4y1h7A3,《原神》过场动画-「归乡」,2023-04-21 12:00:38,123507,5263,9520,29148,17687,2532,1311274
133,原神,BV1Xh4y1H72Q,「三千娑世御咏歌-演绎版」：《原神》须弥2 OST宣传MV,2023-04-19 12:00:00,322631,55721,15024,197162,122838,21958,5500721
134,原神,BV1Uo4y1L7ef,《原神》寻味之旅——「璃月食集」第四期,2023-04-17 12:05:06,191521,20651,6340,77091,35597,10895,1628169
135,原神,BV1dh411g7a9,《原神》EP - 四时旋舞之熙,2023-04-12 12:00:00,82614,2756,3931,16913,9951,2686,851957
136,原神,BV1wm4y1m7DC,《原神》EP - 如风如露之思,2023-04-11 12:00:00,171934,11328,12372,41906,25152,8272,1829051
137,原神,BV1R24y1L7DN,《原神》3.6版本「盛典与慧业」前瞻特别节目,2023-03-31 21:10:00,100289,4260,5268,13989,9758,18565,1715315
138,原神,BV1Ds4y1J7n3,《原神》3.6版本PV：「盛典与慧业」,2023-03-31 20:35:16,189396,15848,12760,38171,28930,13985,6647989
139,原神,BV1ix4y1w7Vo,《原神》拾枝杂谈-「米卡：银星之伴」,2023-03-21 18:00:00,72138,2369,3706,6772,5044,2609,796773
140,原神,BV1Sg4y1s7Qp,《原神》EP - 春露漫散之虹,2023-03-20 12:00:00,182952,16118,5864,45725,25658,8561,1728611
141,原神,BV1PM4y1k7jZ,《原神》角色演示-「米卡：绘羽的领行」,2023-03-17 12:00:21,175742,18806,7363,21130,15763,5375,2071557
142,原神,BV1z84y1P7FY,《原神》剧情PV-「魔女的茶会」,2023-03-07 18:00:02,217365,22887,12713,45535,34148,5036,2514754
143,原神,BV1m24y1b7VQ,《原神》拾枝杂谈-「迪希雅：热沙的赤情」,2023-03-01 12:00:00,88433,2992,4560,10426,6102,3032,1023734
144,原神,BV1Fo4y1a7Q9,《原神》角色演示-「迪希雅：炎狮灼烁」,2023-02-28 12:00:00,208625,32470,9134,46941,24487,7133,2754341
145,原神,BV1ys4y1j76C,《原神》EP - 掬尘熠金之梦,2023-02-27 12:00:00,93686,6787,4938,12584,9917,2594,919769
146,原神,BV1vs4y1b7rU,《原神》迪希雅角色PV——「沙际晨光」,2023-02-23 12:00:47,325697,47778,12558,96679,38583,7251,3496429
147,原神,BV1zj411P717,《原神》寻味之旅——「璃月食集」第三期,2023-02-21 12:00:00,165329,12266,5212,45252,19931,4532,1512085
148,原神,BV1dG4y1P7Pq,《原神》3.5版本「风花的呼吸」前瞻特别节目,2023-02-17 21:35:00,103979,4567,9719,15151,11572,18452,1773549
149,原神,BV1ZM4y1f7FH,《原神》3.5版本PV：「风花的呼吸」,2023-02-17 20:45:01,196759,16169,17094,36820,23886,10234,6128744
150,原神,BV1KG4y1T76A,《原神》EP - 拈骰冥思之夜,2023-02-07 12:00:00,172946,10305,8440,32659,14738,10122,1759474
151,原神,BV1FY411Q7MX,《原神》「流光拾遗之旅」——仙闻篇·内画,2023-01-28 12:00:00,215188,14020,7952,87838,25347,6173,1582773
152,原神,BV11R4y187kj,《原神》「流光拾遗之旅」——仙闻篇·木版年画,2023-01-24 12:00:00,239014,17135,8228,100091,29797,6345,1622699
153,原神,BV1jR4y1Y76v,《原神》海灯节CM短片：明霄幻梦,2023-01-22 18:00:51,629333,129927,26328,332721,212296,24274,6029637
154,原神,BV1dM411t7Ls,《原神》磬弦奏华夜活动过场动画-「虹歌灯宴」,2023-01-21 19:00:00,237369,29963,11231,86240,61131,18413,2884711
155,原神,BV1bY411X7Tx,《原神》剧情PV-「余音萦心」,2023-01-21 18:00:06,357915,51878,15483,145116,106786,12323,3782371
156,原神,BV1Qd4y1V7he,《原神》2023新春短片-「鱼灯」,2023-01-19 18:00:00,599646,137257,19958,440196,146228,40913,4666323
157,原神,BV1jK411k79y,《原神》拾枝杂谈-「瑶瑶：樨馨云外飘」,2023-01-19 12:00:00,106754,3582,2973,10557,7559,3670,1057880
158,原神,BV13x4y1u7wJ,《原神》拾枝杂谈-「艾尔海森：诠辩深妙」,2023-01-18 12:00:00,133052,5692,5602,15749,12147,6494,1500272
159,原神,BV1uW4y1G7rM,《原神》角色演示-「艾尔海森：思而后行」,2023-01-17 12:00:56,513514,212060,35705,220451,142323,34818,8868236
160,原神,BV1ev4y117Ls,《原神》角色演示-「瑶瑶：仙桂莹澈」,2023-01-16 12:00:56,305784,63211,13204,59738,32927,10613,3340806
161,原神,BV1R84y187Y5,《原神》PV短片——「诸苦无隙」,2023-01-13 12:00:25,930980,395849,55394,581676,295637,55241,10237760
162,原神,BV1MM411c7m6,《原神》艾尔海森角色PV——「疑问与沉默」,2023-01-12 12:00:16,379788,95021,17026,109081,62168,15281,4290641
163,原神,BV1LP411F7pf,《原神》提瓦特风尚·衣装PV - 合页揽花,2023-01-07 12:00:00,200465,43516,10141,28707,19667,5897,2619647
164,原神,BV13g41147PS,《原神》3.4版本「磬弦奏华夜」前瞻特别节目,2023-01-06 22:00:00,149810,9563,7147,43995,20428,39843,2117500
165,原神,BV1RK41127AT,当然是原神了,2023-01-06 21:50:47,160339,39837,5840,24561,18553,11218,1962744
166,原神,BV13d4y1E7ro,《原神》海灯节定格动画-「庆佳节」,2023-01-06 21:40:00,251551,10264,4622,40641,26475,3443,2331197
167,原神,BV1fR4y127PT,《原神》3.4版本PV：「磬弦奏华夜」,2023-01-06 20:45:00,384622,64324,18823,130727,69357,29184,7709581
168,原神,BV1vd4y1a72B,《原神》EP - 信步待春之月,2022-12-27 12:00:00,187741,14810,8831,28093,16829,7637,1943938
169,原神,BV1tG411P79B,《原神》剧情PV-「秋津羽戏」,2022-12-19 18:00:15,210483,21673,10685,54517,39818,6766,2438397
170,原神,BV1uD4y1a7pt,TGA2022《原神》参选视频,2022-12-09 11:51:57,568278,79011,16493,165162,96015,8423,6000491
171,原神,BV1Cg411H73c,《原神》拾枝杂谈-「珐露珊：遗风有识」,2022-12-08 12:00:00,102396,2499,3536,10368,8030,2291,1419374
172,原神,BV1s44y1S7Br,《原神》拾枝杂谈-「流浪者：孰知风行处」,2022-12-07 12:00:00,159780,9083,8506,29386,25501,7071,2203650
173,原神,BV18M411B7is,《原神》角色演示-「珐露珊：机巧深诣」,2022-12-05 18:00:59,323268,60771,17391,74705,55281,11430,6284226
174,原神,BV1BW4y1u7CY,《原神》角色演示-「流浪者：今昔离索」,2022-12-05 12:00:12,449549,144061,38325,199116,148905,32132,8318148
175,原神,BV1J24y1k7Ky,《原神》流浪者角色PV——「灰烬」,2022-12-04 12:00:13,492528,152641,30451,222229,133202,24625,6450854
176,原神,BV1UK411R7Jo,《原神》新玩法预告PV：「来一局七圣召唤吧！」,2022-11-30 12:00:07,284126,91762,20834,66327,30632,8708,3933174
177,原神,BV1GG4y157df,《原神》3.3版本「六入尽明，诸相皆无」前瞻特别节目,2022-11-25 21:30:00,146714,10134,9330,29048,24257,30306,2904957
178,原神,BV12K411975v,《原神》3.3版本PV：「六入尽明，诸相皆无」,2022-11-25 20:45:22,277568,51509,19740,81673,60777,19535,8442058
179,原神,BV19M411r7K9,《原神》寻味之旅——「璃月食集」第二期,2022-11-22 12:00:31,248505,43214,8992,91995,44834,8695,2457918
180,原神,BV1bR4y1f7P2,《原神》EP - 妙狐徜徉之影,2022-11-19 12:00:00,149112,7674,7990,27728,17616,4146,1685049
181,原神,BV1U14y1H7hp,《原神》拾枝杂谈-「莱依拉：沉眠星河」,2022-11-18 18:00:00,96216,3083,4830,10894,7472,2893,1041317
182,原神,BV1RG4y1Z7ph,《原神》角色演示-「莱依拉：遥熠星轨」,2022-11-11 12:00:50,268082,39705,9628,46594,35541,6361,5667792
183,原神,BV14P4y1U7DY,古国守卫者——《原神》遗迹系列怪物创作的幕后,2022-11-07 12:00:00,180045,10438,8048,42281,18405,12955,1879742
184,原神,BV17D4y1t74j,《原神》过场动画-「折枝落梦」,2022-11-05 18:00:52,247171,40228,14653,129431,78283,8880,3589813
185,原神,BV1yV4y1371t,《原神》过场动画-「布耶尔最初的贤者」,2022-11-04 18:00:38,189768,16167,11488,49133,38301,9887,3101441
186,原神,BV1h14y1V7JX,《原神》拾枝杂谈-「纳西妲：遍解玄奥」,2022-11-02 12:00:00,166660,8340,10308,31393,18477,9503,2063815
187,原神,BV1PP4y1U7qA,《原神》角色演示-「纳西妲：无垠无忧」,2022-11-01 12:00:18,669091,255626,42415,432865,217228,48786,12325052
188,原神,BV1AG4y1h7Ap,《原神》纳西妲角色PV——「生日快乐」,2022-10-27 12:00:58,813112,344263,51952,491050,243269,67661,11244848
189,原神,BV1sV4y1576g,《原神》3.2版本「虚空鼓动，劫火高扬」前瞻特别节目,2022-10-23 21:40:00,133691,7039,9516,28017,25100,29552,2573371
190,原神,BV1QP4y1U7D2,《原神》3.2版本PV：「虚空鼓动，劫火高扬」,2022-10-23 20:45:49,260367,51967,21704,87520,49440,28724,7080012
191,原神,BV1VG411L7Kk,旅人的遐想——《原神》须弥音乐的幕后,2022-10-23 12:00:00,0,0,4247,0,0,6839,1246457
192,原神,BV1dP411N758,《原神》风物集短片-蒙德篇,2022-10-21 12:00:00,298994,34572,9443,101990,57914,6809,2664256
193,原神,BV14e411V7Bi,《原神》须弥篇OST「智妙明论之林」宣传MV,2022-10-20 12:00:00,121596,7949,3266,32794,18878,2659,1289649
194,原神,BV16g411h7F5,《原神》拾枝杂谈-「妮露：浮莲映波」,2022-10-14 18:00:00,103764,5002,9463,16907,9403,6145,1285469
195,原神,BV1AP411E773,《原神》角色演示-「妮露：莲舞纤姿」,2022-10-13 12:00:02,267356,76971,8429,100188,49547,16148,3877195
196,原神,BV1JT411P7gt,《原神》寻味之旅——「璃月食集」第一期,2022-10-09 12:00:02,299846,66224,12685,106164,52718,14127,2976431
197,原神,BV1NP411J7KM,《原神》妮露角色PV——「曼舞流连」,2022-10-07 12:00:06,353300,85704,17278,128186,56940,24058,4289578
198,原神,BV1wD4y1y7CZ,《原神》杯中遥吟之歌活动过场动画-「待风归，启佳酿」,2022-10-05 18:00:07,128114,8227,2961,35042,28837,3811,1352480
199,原神,BV1hW4y1e7Kx,《原神》剧情PV-「『神』意」,2022-10-04 18:00:17,339330,84374,13135,129843,112993,13844,5212309
200,原神,BV1MP411J7Zn,《原神》剧情PV-「沙中遗事」,2022-10-03 18:00:50,200026,19856,4792,55762,40883,5584,2479461
201,原神,BV14e411j7Fv,《原神》线上音乐会2022 - 无际之旅的旋律,2022-10-02 13:20:00,292315,38846,7727,216618,128304,44715,2980808
202,原神,BV1ye4y1H7p4,《原神》拾枝杂谈-「坎蒂丝：流金沙碛」,2022-09-29 12:00:00,76827,1562,2558,6904,4820,1876,719176
203,原神,BV1gG4y1x7QJ,《原神》提瓦特冒险纪念视频：旅行二周年手札,2022-09-28 18:00:00,144777,4274,5603,35889,22464,7829,1056906
204,原神,BV1qd4y1z79Y,《原神》拾枝杂谈-「赛诺：寂默狼行」,2022-09-28 12:00:00,81257,2268,4679,8265,6389,3506,921637
205,原神,BV1U14y1h7UE,《原神》角色演示-「赛诺：诛罪的引导」,2022-09-27 12:00:28,197576,37298,14686,47447,27672,12028,2622640
206,原神,BV1we411T74S,《原神》角色演示-「坎蒂丝：誓守之盾」,2022-09-26 12:00:09,186620,30866,8302,33238,21671,7507,2355930
207,原神,BV1XT411T7EA,《原神》线上音乐会2022 - 无际之旅的旋律（第二支预告）,2022-09-25 19:00:00,74869,3527,1615,9639,4753,728,565329
208,原神,BV1GN4y1K7n8,《原神》赛诺角色PV——「奉辞罚罪」,2022-09-22 12:00:48,252343,50958,8504,59509,36304,16374,3298294
209,原神,BV1ZV4y1M7ST,《原神》二周年配音演员祝福-「来自彼方的声音」,2022-09-17 19:00:00,240948,15908,6010,84203,64014,42869,2024278
210,原神,BV1Ye4y1k71c,终于可以玩原神了,2022-09-17 18:00:30,167570,36735,4793,27099,20101,7342,1635526
211,原神,BV1XP411H7dq,《原神》线上音乐会2022 - 无际之旅的旋律（预告）,2022-09-17 15:00:00,83759,4579,1739,8925,5132,601,638825
212,原神,BV1He4y1y76A,《原神》须弥篇OST「智妙明论之林」先导MV,2022-09-17 12:00:00,108295,12294,2261,34879,26305,1814,1068516
213,原神,BV1X14y1a7Dh,《原神》纪念PV-「荧荧微光」,2022-09-17 10:00:48,210337,17712,7093,57550,52082,9556,1911030
214,原神,BV1kG4y1q7Dy,《原神》3.1版本「赤土之王与三朝圣者」前瞻特别节目,2022-09-16 21:30:00,206790,17818,7223,87671,54267,88072,2836188
215,原神,BV1yd4y1u7ef,《原神》3.1版本PV：「赤土之王与三朝圣者」,2022-09-16 21:15:22,268333,55831,11110,92482,49648,37050,5593760
216,原神,BV1NT411u7n9,《原神》长期项目启动·概念PV,2022-09-16 20:55:22,440130,176650,21756,251776,112980,66599,5104842
217,原神,BV1ea411g7Se,得物×原神｜立「得」百货,2022-09-14 12:05:00,137888,20373,5178,6924,8787,2128,1762470
218,原神,BV1124y1o7ob,《原神》拾枝杂谈-「多莉：居奇持盈」,2022-09-09 18:00:00,119725,6991,4021,11523,8563,4999,1442676
219,原神,BV15V4y1p7E9,《原神》角色演示-「多莉：多谢惠顾！」,2022-09-02 12:00:33,281171,47189,6509,46642,32071,9032,3744869
220,原神,BV1fd4y137JR,必胜客×原神联动定格动画-「必胜邀约，风起之旅」,2022-08-29 12:03:19,141525,14272,7799,15706,15220,2071,1544683
221,原神,BV13B4y1474S,《原神》过场动画-「花神之舞」,2022-08-26 18:00:00,263541,47633,14164,105815,64767,8176,3222973
222,原神,BV1hg411r71S,《原神》拾枝杂谈-「柯莱：碧野晴翠」,2022-08-25 12:00:00,100624,2199,4424,9984,7442,2631,1043178
223,原神,BV1vG41147yP,《原神》拾枝杂谈-「提纳里：苍郁重林」,2022-08-24 18:00:00,111483,2595,8969,9845,7938,3265,1148527
224,原神,BV1zG41147eX,《原神》角色演示-「提纳里：巡览芳荃」,2022-08-23 12:00:30,238178,45385,18411,58616,35875,16580,2854156
225,原神,BV1iG4y1a7X4,《原神》角色演示-「柯莱：林薮新芽」,2022-08-22 12:00:02,309749,50721,11704,65201,38813,12070,4155385
226,原神,BV1914y1b7cV,《原神》提纳里角色PV——「书已尽言」,2022-08-18 12:00:05,278200,45999,16712,56596,32236,13656,2937553
227,原神,BV1GU4y1C7yu,《原神》须弥交响音乐现场,2022-08-14 12:00:00,273839,49423,9458,165294,88367,17281,3065596
228,原神,BV1f14y1b7F6,《原神》3.0版本「千朵玫瑰带来的黎明」前瞻特别节目,2022-08-13 21:11:25,188234,14383,8530,60441,25282,57839,2494938
229,原神,BV19a411P7zk,《原神》3.0版本PV：「千朵玫瑰带来的黎明」,2022-08-13 21:00:59,335301,58954,21566,120510,63804,39684,6681893
230,原神,BV1JN4y157MU,《原神》须弥CM短片,2022-08-11 12:00:19,541333,188307,43836,192704,98072,28236,6323387
231,原神,BV1Zd4y1K76h,《原神》EP - 硝彩盛放之光,2022-08-02 12:00:00,197890,15560,10063,51114,24010,29607,1719789
232,原神,BV1k94y1D73y,《原神》须弥前瞻短片03——明慧的序曲,2022-07-29 12:00:00,647142,253781,53990,250236,88618,78325,6876640
233,原神,BV1oB4y1k7zw,《原神》小剧场——「璃月雅集」第五期,2022-07-27 12:00:00,288303,34583,16224,80740,46782,74439,3101262
234,原神,BV1UU4y1i72S,《原神》须弥前瞻短片02——细雨与飞沙,2022-07-23 20:00:00,547250,148283,41170,250237,68161,46570,4551471
235,原神,BV11d4y1Q7BU,《原神》剧情PV-「辉金盛夏」,2022-07-19 18:00:50,233291,15445,18988,67332,45751,8889,2512407
236,原神,BV1gV4y1H7Qh,《原神》拾枝杂谈-「鹿野院平藏：疾风破局」,2022-07-13 12:00:00,118064,4094,12978,11586,9521,5969,1294446
237,原神,BV1GB4y1p7HC,《原神》EP - 拨云见日之曦,2022-07-12 12:00:00,291683,29001,19858,77041,41878,63150,2496850
238,原神,BV1mB4y1e7Lh,《原神·提瓦特篇》幕间PV-「冬夜愚戏」,2022-07-11 12:00:07,1185288,615222,134679,931707,457132,149699,17549023
239,原神,BV1e3411c7Xk,《原神》须弥前瞻短片01——神奇的草元素,2022-07-09 12:00:00,574433,188799,44558,137339,63416,28132,5696111
240,原神,BV1EV4y1n7tt,《原神》角色演示-「鹿野院平藏：风暴搜查线」,2022-07-08 12:00:27,249618,45313,13914,48518,35789,10302,3118853
241,原神,BV1rt4y1t7HC,《原神》提瓦特风尚·衣装PV - 幕夜暗像,2022-07-03 12:00:38,320543,55923,26215,59889,43492,8568,3998721
242,原神,BV1tS4y1n7eV,《原神》2.8版本「仲夏！幻夜？奇想曲！」前瞻特别节目,2022-07-02 21:30:00,170204,15895,16932,37324,20844,38527,2976604
243,原神,BV1yL4y1w7ut,《原神》2.8版本PV：「仲夏！幻夜？奇想曲！」,2022-07-02 20:40:35,221126,22873,19763,58650,32731,16667,7376362
244,原神,BV1St4y1h7nj,《原神》拾枝杂谈-「久岐忍：逐殃解厄」,2022-06-21 18:00:17,114541,3246,6750,12227,8263,3410,1206219
245,原神,BV1RZ4y1v7u7,《原神》EP - 花坂豪情之志,2022-06-20 11:59:59,127814,4864,6087,16704,10969,6962,1326779
246,原神,BV1mW4y1k7k9,《原神》角色演示-「久岐忍：百业通才」,2022-06-17 12:00:37,231490,22037,10886,42118,25586,6246,2708029
247,原神,BV1Uv4y1w73T,《原神》危途疑踪过场动画——「生死一刹」,2022-06-05 12:01:18,322504,49245,23783,175511,107932,16918,3839918
248,原神,BV1mW4y1C7eD,《原神》剧情PV-「惟余旧忆」,2022-06-02 18:01:16,488964,85104,36246,325203,176741,16046,6070560
249,原神,BV15r4y1x7hK,《原神》拾枝杂谈-「夜兰：弢迹匿光」,2022-05-31 12:00:00,119156,4409,10535,17559,9013,7248,1416631
250,原神,BV1tY4y1V7mt,《原神》角色演示-「夜兰：晦雨幽客行」,2022-05-30 12:00:59,307530,91089,33016,120645,57465,29098,4510421
251,原神,BV1zB4y197Ru,《原神》夜兰角色PV——「天网恢恢」,2022-05-25 12:00:40,344219,73681,20680,110904,58471,25068,4523283
252,原神,BV1j5411R775,《原神》2.7版本「荒梦藏虞渊」前瞻特别节目,2022-05-20 22:30:46,170509,7774,13024,31667,17945,27045,2388431
253,原神,BV18F411L7Nj,《原神》2.7版本PV：「荒梦藏虞渊」,2022-05-20 20:36:00,244537,31259,18756,72619,44082,19790,6498436
254,原神,BV1nY4y1a76M,《原神》EP - 白鹭儃伫之思,2022-04-19 12:00:00,153587,12536,17076,49936,25520,17664,1947445
255,原神,BV1ZF411g7EZ,《原神》PV短片——「雪霁逢椿」,2022-04-18 12:00:31,821773,267160,53130,602291,310386,96022,11059807
256,原神,BV1M5411S7Lg,《原神》剧情PV-「歌仙逸话」,2022-04-13 18:00:31,187268,8800,14824,55213,43455,5540,2368392
257,原神,BV1YY4y1H7wD,「纯真的歌谣」：《原神》稻妻篇OST2雾海纪行主题印象曲MV,2022-04-12 12:00:00,154958,17812,8204,67571,37142,3414,1476398
258,原神,BV1BY4y1q7Ko,《原神》拾枝杂谈-「神里绫人：镜中花月」,2022-03-30 12:00:00,113309,4726,13344,18791,11218,6835,1540562
259,原神,BV1wa41147eh,《原神》角色演示-「神里绫人：林隐泓洄」,2022-03-29 12:00:42,296767,104250,26653,123303,67856,35412,4947510
260,原神,BV1T94y1f7UE,《原神》神里绫人角色PV——「灯火照夜」,2022-03-24 12:00:43,339109,88082,24149,122419,67744,36084,4545861
261,原神,BV1bP4y1u7uQ,《原神》2.6版本「流风眷堇庭」前瞻特别节目,2022-03-18 21:20:08,141998,7579,11712,29551,19733,36423,2397792
262,原神,BV1Ni4y1y7Zp,《原神》2.6版本PV：「流风眷堇庭」,2022-03-18 20:40:52,206853,36422,23802,64607,38088,25692,6597950
263,原神,BV1UY411g7RU,《原神》EP - 天光澄寂之景,2022-03-08 12:00:11,153763,7592,16581,41796,22245,21656,1810729
264,原神,BV1ML411N7hm,《原神》EP - 浮岳映虹之波,2022-03-04 12:00:10,125431,6212,14001,25892,15213,8420,1397544
265,原神,BV1P5411Z7YU,《原神》拾枝杂谈-「八重神子：天狐嗤笑谭」,2022-02-16 12:00:02,172954,6247,144255,31129,16939,38933,3143567
266,原神,BV1M341177YQ,《原神》角色演示-「八重神子：仙狐宫司异闻录」,2022-02-15 12:00:13,398685,113322,49168,197607,92698,57916,5610386
267,原神,BV11b4y177H4,《原神》八重神子角色PV——「狐之所爱」,2022-02-10 12:01:04,569322,125216,48924,262277,130310,79783,6558291
268,原神,BV1xa411y71j,《原神》剧情CM短片,2022-02-04 22:01:39,544336,56511,21156,190990,141394,13750,5796755
269,原神,BV1Z34y1y7Hv,《原神》2.5版本「薄樱初绽时」前瞻特别节目,2022-02-04 21:30:08,213452,12486,24754,47999,31974,61396,3260378
270,原神,BV1TY411L7ZD,《原神》交响音乐会特别篇-「映春华章」,2022-02-04 21:00:07,270752,33524,12514,230487,124400,42358,2912257
271,原神,BV1Er4y1h7FX,《原神》2.5版本PV：「薄樱初绽时」,2022-02-04 20:35:00,270257,47528,29943,94391,49676,40247,5817053
272,原神,BV1Nr4y1Y7V5,《原神》飞彩镌流年活动过场动画-「岁华流彩」,2022-01-31 18:01:16,342422,53099,31108,246978,132948,49637,2952518
273,原神,BV1CL411F7r6,《原神》交响音乐会特别篇预告,2022-01-28 12:00:09,119380,6982,5468,24584,8826,1470,861477
274,原神,BV1V44y1s7FW,《原神》EP - 闲情雅趣之悦,2022-01-25 12:00:18,184869,9970,19146,48461,28171,35340,1596388
275,原神,BV1ZL4y147cB,《原神》EP - 仙泽麟行之迹,2022-01-21 12:00:14,226376,18108,19124,67897,33448,35354,1994757
276,原神,BV1xL411c7wn,戏中人间——《原神》云堇创作的幕后,2022-01-14 12:00:03,382220,31166,23382,298966,91469,37149,3080933
277,原神,BV1kS4y1T7kK,《原神》剧情PV-「神女劈观」,2022-01-06 18:00:17,2068477,749218,112429,2411084,1192582,204657,33494478
278,原神,BV1Lu411U7Eb,《原神》拾枝杂谈-「云堇：妙曲压台」,2022-01-06 12:00:11,174910,3759,9858,34669,16502,7436,1714106
279,原神,BV1pa411z7Py,《原神》拾枝杂谈-「申鹤：霜羽翩翾」,2022-01-04 19:33:08,160283,10988,17477,26563,13194,9204,1949734
280,原神,BV1K3411e7Mk,《原神》角色演示-「申鹤：闻鹤于野」,2022-01-04 12:00:07,282719,68810,32498,95368,51315,25023,4470802
281,原神,BV13P4y1n73c,《原神》EP - 祓恶片晌之安,2022-01-03 12:00:01,208280,18791,14855,61341,36065,18946,1960966
282,原神,BV1zu411m7Vk,《原神》角色演示-「云堇：虹章书真意」,2022-01-02 12:00:18,410429,66299,25875,198331,84585,18676,4920495
283,原神,BV1Vb4y1i7At,《原神》申鹤角色PV——「孤辰新梦」,2021-12-30 12:00:02,345474,71849,25193,123114,63431,30720,5355217
284,原神,BV1mL4y1n7ft,《原神》提瓦特风尚·衣装PV - 衣旋彩随,2021-12-27 12:00:01,247264,37694,16090,51835,30558,5756,3014943
285,原神,BV1xF411B7p5,《原神》2.4版本「飞彩镌流年」前瞻特别节目,2021-12-26 22:36:52,162643,11888,16525,46537,20860,23690,2347279
286,原神,BV1mZ4y1X7Rn,「雪峰胜景 星耀奇旅」——长白山活动现场预告,2021-12-26 21:40:12,129538,8297,5279,9927,7781,1047,1237417
287,原神,BV12D4y1c76E,《原神》2.4版本PV：「飞彩镌流年」,2021-12-26 20:40:13,274926,61353,35449,137057,62233,33952,7247906
288,原神,BV16P4y1H7dF,《原神》小剧场——「璃月雅集」第四期,2021-12-24 12:10:07,188831,9925,9385,48314,28882,30978,2539801
289,原神,BV1bg411w7ia,《原神》拾枝杂谈-「五郎：形胜战法」,2021-12-15 12:00:15,66856,1365,4058,6574,4856,2605,752370
290,原神,BV1sM4y1A77h,《原神》拾枝杂谈-「荒泷一斗：怪力乱神」,2021-12-14 18:00:02,90867,3478,9206,10857,7112,6703,1121218
291,原神,BV1wr4y1D7Mg,《原神》角色演示-「荒泷一斗：堂堂参上！」,2021-12-12 12:00:16,215459,41750,20225,61662,32659,20086,2987175
292,原神,BV1XY411p74c,《原神》角色演示-「五郎：尖耳常胜大将」,2021-12-11 12:00:08,144110,15670,9119,23696,17495,7918,1754590
293,原神,BV1tR4y1s77j,TGA2021《原神》参选视频,2021-12-10 20:37:08,485695,42559,24610,181730,86625,17928,4875740
294,原神,BV1db4y1i7jT,《原神》荒泷一斗角色PV——「就该这么演！」,2021-12-08 12:00:00,243339,52321,20963,63680,37236,19926,3736158
295,原神,BV17i4y1o787,《原神》EP - 冰涛骇浪之憩,2021-11-25 12:00:11,102356,2445,6814,17980,12283,5836,1254692
296,原神,BV1pq4y1g7Hu,《原神》EP - 冰峰柔雪之绘,2021-11-24 12:00:17,82504,2288,5077,14352,10408,5808,833035
297,原神,BV1Mq4y1g7wE,《原神》小剧场——「蒙德茶会」第四期,2021-11-19 18:00:03,153924,7988,6919,36256,24788,29435,1950010
298,原神,BV1ZT4y197ko,《原神》2.3版本「皑尘与雪影」前瞻特别节目,2021-11-12 21:40:01,106911,7356,9788,16734,13891,27941,1924363
299,原神,BV19L4y1q7vS,《原神》2.3版本PV：「皑尘与雪影」,2021-11-12 20:40:10,143787,25970,21058,36537,23782,22512,4270551
300,原神,BV1C44y1i7Rw,《原神》拾枝杂谈-「托马：赤心红铠」,2021-11-02 18:00:03,75835,1772,8273,7352,5548,4186,855975
301,原神,BV1xq4y1R7mF,《原神》EP - 幽蝶留芳之处,2021-11-01 12:00:08,176203,10432,13463,53937,28590,43896,1828832
302,原神,BV1KQ4y1S7WS,《原神》角色演示-「托马：烈火捍御」,2021-10-29 12:00:06,172011,25138,12685,32830,22747,9144,2477671
303,原神,BV1TQ4y1z7g6,《原神》小剧场——「璃月雅集」第三期,2021-10-15 12:00:13,154139,10313,6901,40746,30203,19572,2322774
304,原神,BV1wq4y157oC,《原神》EP - 放浪不羁之客,2021-10-13 12:00:16,148342,7272,11769,27147,21356,15221,1702194
305,原神,BV1E44y1t7Kn,《原神》线上音乐会2021———「无际之旅的旋律」,2021-10-04 00:00:11,408441,48375,25036,389483,245122,90758,4029306
306,原神,BV1hh411H7k3,《原神》2.2版本「雾海悬谜境」前瞻特别节目,2021-10-03 22:35:17,100799,4651,12158,14745,11814,30983,1653110
307,原神,BV17b4y117dT,《原神》2.2版本PV：「雾海悬谜境」,2021-10-03 22:30:16,128433,9136,24416,24123,16743,21828,2244480
308,原神,BV1yR4y1p7WX,《原神》剧情PV-「人间至味」,2021-10-02 18:00:16,295201,43472,28427,196257,104135,14715,3104269
309,原神,BV1FQ4y167nb,《原神》宣传视频-远旅同行,2021-09-28 12:00:19,157302,8145,112176,30230,18060,28401,2435270
310,原神,BV1pu411f72B,《原神》线上音乐会预告-第三期,2021-09-26 19:00:27,73048,4315,9340,10034,4858,1019,780614
311,原神,BV13R4y1p7ZK,旅人的幽思——《原神》稻妻音乐的幕后,2021-09-24 18:00:18,92516,7627,6623,44314,16208,10984,808055
312,原神,BV1dL4y1b7f6,《原神》拾枝杂谈-「珊瑚宫心海：潋滟海汐」,2021-09-21 18:00:07,86603,3554,34905,9599,6886,9758,1177737
313,原神,BV1Eq4y1f7r9,「斩雾破竹」——《原神》稻妻OST战斗音乐MV,2021-09-21 12:00:11,142396,11653,7852,44121,26266,18796,1135612
314,原神,BV1z44y1b7cQ,《原神》角色演示-「珊瑚宫心海：千涛触月」,2021-09-20 12:00:19,206193,45313,32756,60699,31306,22534,2881939
315,原神,BV1gf4y1w79R,《原神》线下交响音乐会宣传片-「万籁汇响」,2021-09-17 12:00:04,105475,9446,5510,29768,14097,3508,905247
316,原神,BV1dM4y1g7L6,《原神》提瓦特冒险纪念视频：旅行周年手札,2021-09-16 12:10:06,204289,14622,12651,74306,40222,24486,1538528
317,原神,BV1Zf4y1c7sx,《原神》来自安柏和芭芭拉的「原神☆FES」邀请！,2021-09-16 12:00:18,155863,13069,7460,32510,23339,11327,1218631
318,原神,BV1oU4y1P7yd,《原神》珊瑚宫心海角色PV——「沧海一意」,2021-09-15 12:00:13,220070,49325,33598,60220,32202,26669,3173189
319,原神,BV1hf4y1P7mK,《原神》线上音乐会预告-第二期,2021-09-10 18:01:20,123119,9107,7534,17996,9561,1903,1295704
320,原神,BV1rL4y1h7nr,《原神》剧情PV-「许以臣民之梦」,2021-09-06 18:00:09,178729,13413,15327,46402,29427,10811,2147658
321,原神,BV1dQ4y1h7j4,《原神》拾枝杂谈-「九条裟罗：飞羽疾电」,2021-09-02 18:00:14,88952,1920,15042,7252,6059,3026,1055715
322,原神,BV1ty4y1G7qj,《原神》拾枝杂谈-「埃洛伊：异界冰辉」,2021-09-02 12:00:12,89881,5601,4778,5289,5674,3769,1085330
323,原神,BV1rb4y1m7My,《原神》拾枝杂谈-「雷电将军：鸣雷寂灭」,2021-09-01 12:00:12,134224,6647,24003,26114,14591,23284,1845282
324,原神,BV1kb4y1m7e7,《原神》角色演示-「雷电将军：净土裁断」,2021-08-30 20:55:48,434649,161593,44735,270077,134414,96869,8839755
325,原神,BV1Wg411L7xy,《原神》角色演示-「九条裟罗：雷闪之志」,2021-08-29 12:00:13,201741,33208,14372,40736,22390,12215,2746934
326,原神,BV11v411N7hv,《原神》角色演示-「埃洛伊：奇异狩猎」,2021-08-27 12:00:12,164549,33561,15632,14844,12656,7891,2448005
327,原神,BV1Q64y1e7WZ,《原神》线上音乐会预告,2021-08-26 08:00:00,149942,12218,8299,19297,13525,4450,1368991
328,原神,BV1Y3411B7SX,《原神》雷电将军角色PV——「噩梦」,2021-08-26 00:01:35,417181,142531,54069,219824,97831,101777,5954793
329,原神,BV1Cy4y1V7J6,寂远无妄之国：《原神》稻妻交响音乐现场,2021-08-21 12:00:04,186117,28203,13887,96907,64637,19555,2173898
330,原神,BV1GL4y1v7BP,《原神》2.1版本「韶光抚月，天下人间」前瞻特别节目,2021-08-20 22:50:14,140744,11191,19833,41439,22539,88700,2236933
331,原神,BV13Q4y1m7hj,《原来你也玩原神》第二季,2021-08-20 22:35:12,217424,64444,13464,73054,62486,14051,2751023
332,原神,BV1XQ4y1y7Wk,《原神》2.1版本PV：「韶光抚月，天下人间」,2021-08-20 15:58:59,242522,64492,50749,100059,53590,68496,6142441
333,原神,BV1UL411E7ox,《原神》拾枝杂谈-「早柚：滚滚风轮」,2021-08-11 12:00:19,125893,8005,12508,14130,9611,11408,1493466
334,原神,BV1Rb4y1z72n,《原神》拾枝杂谈-「宵宫：焰硝火语」,2021-08-10 18:00:14,107047,4920,45120,16508,9131,16353,1276498
335,原神,BV1Ro4y1S7f1,《原神》角色演示-「宵宫：真夏飞焰」,2021-08-08 12:45:05,274463,83259,46600,123534,60025,42729,4558526
336,原神,BV1564y1s7fQ,《原神》角色演示-「早柚：呜呼影貉遁」,2021-08-07 18:00:06,195632,47604,21961,37769,22103,16636,2925057
337,原神,BV1Dq4y1D7cr,《原神》宵宫角色PV——「鸣神岛夏天的象征」,2021-08-04 12:00:02,234329,57492,28942,86753,39894,33649,3014028
338,原神,BV1TM4y1T7sw,《原神》拾枝杂谈-「神里绫华：鹤舞冰华」,2021-07-21 12:00:09,120424,4252,23552,23631,11799,19894,1428034
339,原神,BV1w44y1m79B,《原神》角色演示-「神里绫华：寒椿吹雪」,2021-07-19 20:56:04,279442,85006,40369,142693,71428,65176,5396283
340,原神,BV1S54y1n7kz,潜心雕龙——《原神》若陀龙王创作的幕后,2021-07-16 12:00:00,213543,24728,27111,135958,45304,34861,1978722
341,原神,BV1io4y1X7HU,《原神》神里绫华角色PV——「白鹭归庭」,2021-07-15 12:00:14,336304,114902,37401,196520,83231,73857,4717286
342,原神,BV1Ao4y1X7mg,《原神》2.0版本「不动鸣神，泡影断灭」前瞻特别节目,2021-07-09 23:51:15,129500,9461,17807,40664,18249,37530,1892885
343,原神,BV1Lo4y1X7xY,《原神》2.0版本PV：「不动鸣神，泡影断灭」,2021-07-09 16:42:34,334545,129011,50077,217448,92203,55912,8262712
344,原神,BV15K4y1M7Xn,《原神》剧情PV-「追逐霆光的孤旅」,2021-07-04 12:00:18,121302,10994,16638,31441,20978,7381,1627652
345,原神,BV1cU4y137c4,《原神》拾枝杂谈-「枫原万叶：自在灵风」,2021-06-29 18:00:19,86239,5061,10688,16056,9277,13018,1085527
346,原神,BV1364y197Kt,《原神》角色演示-「枫原万叶：风流蕴藉」,2021-06-28 12:00:14,204422,64147,30847,114640,49024,31925,3132415
347,原神,BV1Lg41137kX,《原神》枫原万叶角色PV——「月下风来」,2021-06-23 12:00:05,255380,74204,37047,103175,59611,39314,5075162
348,原神,BV1rg411G7hE,《原神》EP - 炎夏炽宝之踪,2021-06-09 12:00:13,110293,4471,11967,26017,15610,13234,1454519
349,原神,BV1f54y137fG,《原神》提瓦特风尚·衣装PV - 海滨漫歌,2021-06-08 12:00:09,111596,11765,24342,18287,12029,2975,1517733
350,原神,BV1xg411G7i2,《原神》声优小剧场——「璃月雅集」第二期,2021-06-06 18:00:07,108422,9199,9060,32463,22779,26837,1284655
351,原神,BV1r44y1r77C,《原神》1.6版本「盛夏！海岛？大冒险！」特别节目——蒙德茶会SP,2021-05-28 21:40:03,92395,7095,18415,19815,12050,31191,1539095
352,原神,BV15v411V7ib,《原神》1.6版本PV：「盛夏！海岛？大冒险！」,2021-05-28 20:45:07,113785,21297,28407,30991,18935,17555,2785277
353,原神,BV1Sy4y1W7JQ,《原神》拾枝杂谈-「优菈：浪涌霜潮」,2021-05-18 18:00:06,76967,3170,35696,14561,8029,9405,1196360
354,原神,BV1Q54y157AT,《原神》角色演示-「优菈：闪灼的烛光」,2021-05-15 19:16:42,260253,112276,36470,130167,84536,40264,7000354
355,原神,BV17b4y1f7Lt,《原神》优菈角色PV——「深夜酒馆的邂逅」,2021-05-11 12:00:15,183690,43950,26076,70635,40782,34576,3338048
356,原神,BV13K4y1N7BM,《原神》剧情PV-「创龙点睛」,2021-04-29 12:00:02,129008,16497,14190,60849,37529,17815,2011184
357,原神,BV1PV411n7pv,《原神》拾枝杂谈-「烟绯：律火灼灼」,2021-04-28 12:00:09,67953,1919,7726,8793,6163,4725,904194
358,原神,BV1nh411m7yr,《原神》EP - 神岩阅世之行,2021-04-27 12:00:19,128517,10224,12730,44311,25502,31807,1512274
359,原神,BV18K4y1P7AB,《原神》全新角色演示-「烟绯：百法通明」,2021-04-22 12:00:15,131312,22275,21197,28792,20001,16112,2652666
360,原神,BV17y4y147fa,《原神》1.5版本「玉扉绕尘歌」特别节目——璃月雅集SP,2021-04-16 21:45:36,95357,10418,15444,21658,13230,38402,1640240
361,原神,BV1tU4y1h7KB,《原神》1.5版本PV：「玉扉绕尘歌」,2021-04-15 21:02:09,158073,30975,22114,54209,34265,39781,4535185
362,原神,BV1j54y1h77K,《原神》拾枝杂谈-「罗莎莉亚：噬罪幽影」,2021-04-06 18:00:01,70960,2790,6945,7814,5929,4379,908541
363,原神,BV16y4y1b7QJ,《原神》风花节活动实时过场动画-「万花成风」,2021-04-05 18:00:03,87977,4546,8165,22901,22818,1824,858695
364,原神,BV1Ni4y1N7yP,《原神》EP - 异乡流泊的武人,2021-04-05 12:00:17,109020,7425,10920,24533,17922,21050,1168024
365,原神,BV1FK411w7LC,《原神》宣传视频-愿前路无止境,2021-03-31 21:00:04,201614,13645,17477,56677,34894,4077,2258361
366,原神,BV16v41187dP,「山巅雪国的记忆」：《原神》龙脊雪山OST印象曲MV,2021-03-31 12:00:15,120454,15501,10922,68331,41247,4906,1330066
367,原神,BV1a5411w7Yz,《原神》全新角色演示-「罗莎莉亚：绝不加班」,2021-03-30 12:00:14,123978,23004,10077,19590,17205,6075,2212080
368,原神,BV1h5411P7hv,《原神》EP - 悠扬戏风之诗,2021-03-17 12:00:11,91516,3843,11017,23766,19684,14967,1163839
369,原神,BV1Zr4y1A7GK,《原神》1.4版本「风花的邀约」前瞻特别节目——蒙德茶会SP,2021-03-06 21:17:55,80022,8979,10413,16569,12650,32773,1271607
370,原神,BV1Kp4y1H7mu,KFC×原神｜异世相遇，尽享美味,2021-03-06 21:00:16,110451,16464,11770,8052,12119,2157,2091088
371,原神,BV1kN41197kT,《原神》1.4版本PV：「风花的邀约」,2021-03-06 20:45:11,115256,20849,14856,27198,18720,17100,2408929
372,原神,BV1o54y1h7Hq,《原神》拾枝杂谈-「胡桃：雪霁梅香」,2021-03-02 18:00:05,102156,5701,11819,21710,13585,16389,1502550
373,原神,BV1jU4y1p73u,《原神》角色演示-「胡桃：生人勿近」,2021-02-26 19:17:14,279056,72479,22180,138090,86206,42775,6622634
374,原神,BV1T5411K7Wc,《原神》胡桃角色PV—— 「吓到了吗？」,2021-02-26 18:52:16,426938,132238,46785,233201,128617,76730,8645084
375,原神,BV14K4y1Q7PH,《原神》EP -「千帆齐聚之城」,2021-02-17 12:00:11,106942,10101,19039,28431,21078,8385,1439291
376,原神,BV1Ni4y1F7F1,《原神》拾枝杂谈-「魈：降魔大圣」,2021-02-03 11:23:43,81735,6950,13455,15870,10881,16161,1429830
377,原神,BV1Th411C7ex,《原神》角色演示- 「魈：历劫祓恶」,2021-02-02 11:30:03,274482,140157,52759,127739,94430,54237,8501083
378,原神,BV1k5411J7u2,《原神》声优小剧场——「璃月雅集」第一期,2021-01-29 12:00:00,96312,4842,9789,23584,13697,20065,1229065
379,原神,BV1A5411J7Ab,《原神》剧情PV-「护法仙众夜叉录」,2021-01-27 12:00:06,122838,33991,22287,46955,25848,25909,2610018
380,原神,BV1rN411d7Qi,《原神》EP - 和煦希望之风,2021-01-25 12:00:03,86355,5971,10563,22487,23578,3698,1148918
381,原神,BV14N411d7tH,《原神》1.3新版本前瞻特别节目——「明霄升海平」,2021-01-22 21:42:21,72804,14605,12758,20523,9827,35424,1289752
382,原神,BV1jy4y117H2,《原神》互动视频- 偶像的治愈魔法,2021-01-22 21:15:01,166265,26324,7797,80976,61235,16549,1659377
383,原神,BV1Gv4y1f7gK,《原神》1.3版本PV：「明霄升海平」,2021-01-22 20:35:06,105970,27941,15437,31537,20291,26285,3066379
384,原神,BV1so4y1o71K,覆雪之路——《原神》龙脊雪山场景的幕后,2021-01-20 18:00:18,93526,6329,7106,31948,11780,5369,1052785
385,原神,BV1aK411u7AD,《原神》EP - 晨光拂晓之时,2021-01-19 13:54:40,75120,5958,4683,15241,14843,5168,1052363
386,原神,BV1Zv411W7gB,《原神》拾枝杂谈-「甘雨：顾步幽岩」,2021-01-12 18:00:06,63841,3418,12566,11331,7784,10310,1045081
387,原神,BV1xT4y1N7Wn,《原神》角色演示-「甘雨：梦里韶光」,2021-01-11 11:38:23,214505,83051,24483,100781,73420,34614,6701133
388,原神,BV1ua4y1H714,《原神》甘雨角色PV—— 「璃月港的一夜」,2021-01-06 12:00:18,220103,75578,28675,102070,65339,34385,5292084
389,原神,BV1wA411x7yN,《原神》拾枝杂谈-「阿贝多：白垩之子」,2020-12-23 17:16:35,36034,1533,22621,3510,3103,8761,867355
390,原神,BV1BA411s7yV,《原神》角色演示-「阿贝多：白皑中的冥想」,2020-12-22 11:57:07,60066,12296,26070,13007,12353,18787,1890131
391,原神,BV1yp4y1q7gA,《原神》阿贝多角色PV—— 「写生与创生」,2020-12-17 12:00:04,71971,15041,31609,11959,10459,36420,1926583
392,原神,BV1uy4y1B743,《原神》1.2新版本特别节目——蒙德茶会SP,2020-12-11 21:49:46,53679,3773,11605,6987,7123,24720,1194154
393,原神,BV12a4y1W721,《原神》1.2版本PV：「白垩与黑龙」,2020-12-11 20:55:30,60108,10602,23909,9617,8161,19201,2405514
394,原神,BV1FK4y177Nz,《原神》「从驻足到远行」景区联动纪录片-桂林篇,2020-12-02 18:09:46,34744,6020,3991,4747,3259,4325,475647
395,原神,BV1g5411G7c4,《原神》拾枝杂谈-「钟离：炊金馔玉」,2020-12-01 18:00:16,57080,12079,19980,7668,8294,28279,1499475
396,原神,BV1hD4y1X7Rm,《原神》角色演示-「钟离：听书人」,2020-11-30 12:00:08,1531614,1139762,359228,1266706,763982,281324,52909828
397,原神,BV1aZ4y1G7wn,《原神》声优小剧场——「蒙德茶会」第三期,2020-11-28 12:00:17,62997,4601,3512,13693,10504,11549,995008
398,原神,BV1X54y1z7M4,《原神》全新角色演示-「辛焱：非常摇滚的选择」,2020-11-27 11:51:53,51425,5494,6623,4045,4698,1798,1152091
399,原神,BV19541137yy,《原神》钟离角色PV-「额外的记账」,2020-11-23 11:52:04,121850,34310,13524,41062,34827,22923,2852028
400,原神,BV1aZ4y1V7f2,《原神》拾枝杂谈-「『公子』：魔王武装」,2020-11-11 10:57:22,41016,3409,6884,3473,4729,4201,980258
401,原神,BV1wy4y1z7f3,《原神》角色演示-「公子：去往至冬的信」,2020-11-10 12:00:08,64547,16566,12660,11997,14315,7121,1779844
402,原神,BV14K411G7Eq,《原神》EP - 轻风诉说之事,2020-11-08 12:00:00,59357,5556,3469,13151,14532,2670,929456
403,原神,BV1e54y1r7ur,《原神》全新角色演示-「迪奥娜：酒业杀手」,2020-11-07 21:59:18,72320,17759,5972,8446,9942,3422,1916886
404,原神,BV1xp4y16761,旅人的弦歌——《原神》璃月音乐的幕后,2020-11-05 12:00:06,44409,4045,3155,14761,8081,2670,552910
405,原神,BV1J5411V7or,《原神》新角色「公子」预告PV-「百无禁忌」,2020-11-04 12:00:51,77980,12698,6702,10083,14953,8089,2197294
406,原神,BV1sa4y1s7V8,《原神》「从驻足到远行」景区联动纪录片-黄龙篇,2020-10-31 18:36:29,38258,2633,2471,5136,3887,1889,474644
407,原神,BV18Z4y1V7rB,《原神》1.1版本前瞻直播录像,2020-10-30 22:02:42,39948,3504,7301,4546,5971,15131,884533
408,原神,BV1ff4y1B7Wb,《原神》1.1版本PV：「迫近的客星」,2020-10-30 21:00:53,83556,28428,10913,16384,15486,12993,3689144
409,原神,BV17t4y1i7Hm,《原神》拾枝杂谈-「可莉：蹦蹦炸弹」,2020-10-20 18:00:59,44834,2643,5602,5631,5372,5777,902476
410,原神,BV18D4y1d7Uz,《原神》角色演示-「可莉：哒哒哒」,2020-10-19 12:00:21,142203,52051,11730,41418,40888,21509,4261066
411,原神,BV1o5411j7hR,《原神》声优小剧场——「蒙德茶会」第二期,2020-10-16 12:00:28,60539,2590,3208,13374,11519,10481,906507
412,原神,BV1wa4y1L7BW,《原神》可莉角色PV-「太阳逃跑的夜晚」,2020-10-13 12:00:12,142737,42357,9738,46921,43430,23199,4345364
413,原神,BV1sA41177rm,《原神》拾枝杂谈-「刻晴：天街巡游」,2020-10-07 12:00:47,55233,4952,7640,7415,7741,9666,1341422
414,原神,BV1iv411y7EC,《原神》拾枝杂谈-「莫娜：星命定轨」,2020-10-05 12:00:18,33625,1771,5378,2464,3243,2345,705131
415,原神,BV1Ep4y1Y7Cd,《原神》拾枝杂谈-「七七：度厄真符」,2020-10-04 12:00:52,46329,4027,5731,3870,5451,4062,1009565
416,原神,BV1cy4y1C7pq,《原神》拾枝杂谈-「琴：引领之风」,2020-10-03 12:00:03,34815,1711,3431,2371,3578,2336,748448
417,原神,BV1RD4y1R7iZ,《原神》拾枝杂谈-「迪卢克：黎明」,2020-10-02 12:35:09,49100,4065,4611,4425,6327,6233,1243312
418,原神,BV1B54y117Wn,《原神》「从驻足到远行」景区联动纪录片-张家界篇,2020-09-30 19:08:47,33263,4303,4878,5035,3675,2372,442291
419,原神,BV1BZ4y1N7Rd,《原神》拾枝杂谈-「温迪：高天之歌」,2020-09-29 12:00:49,34719,1624,4293,3150,4596,3581,716678
420,原神,BV1At4y1q7UQ,《原神·提瓦特篇》主线章节预告PV-「足迹」,2020-09-28 08:00:49,110729,64463,15952,47390,47784,8411,5342236
421,原神,BV1pk4y1172e,原神 – 公测1.0实机画面预告片| 东京电玩展2020,2020-09-27 20:50:32,22417,2268,3439,1860,1598,989,426759
422,原神,BV1st4y1q7V4,《原神》角色演示-「温迪：诗人的工作」,2020-09-26 12:00:56,61275,7532,4002,11540,16132,7355,1579737
423,原神,BV1xk4y117tg,《原神》温迪角色PV-「四方之风」,2020-09-21 12:00:31,81308,13324,6822,15228,23252,8975,2212946
424,原神,BV1764y1F71Y,《原神》主题PV- 「珍珠之歌」,2020-09-15 10:00:35,26113,1202,4907,2845,4202,369,450859
425,原神,BV1JV411m7tc,《原神》剧情PV-「微风与少年」,2020-09-14 12:00:09,39866,3885,2914,6739,9156,991,677177
426,,BV1Dt4y1i76t,,2020-09-13 10:00:46,157053,28633,13376,32947,35769,15746,6043175
427,原神,BV1Mf4y1D7pN,《原神》全新角色演示-「莫娜：命运与生活」,2020-09-12 12:00:22,45831,4243,2490,4617,6676,1694,1380232
428,原神,BV13a4y1E7AS,《原神》全新角色演示-「七七：冰寒流转」,2020-09-04 12:00:37,59496,13507,3763,8158,10354,3665,1943245
429,原神,BV1it4y1S7sF,《原神》「从驻足到远行」景区联动预告,2020-08-31 11:54:20,32713,3930,3700,3606,2814,684,518508
430,原神,BV1fy4y1C7gU,《原神》璃月音乐录制实拍视频,2020-08-29 12:00:28,132078,34222,8758,68315,60431,18859,2245821
431,原神,BV1PK4y1a7oC,《原神》剧情预告：我们终将重逢,2020-08-28 20:35:03,94168,40546,10964,29308,33263,4940,2326961
432,原神,BV16A411Y7Vy,《原神》声优小剧场——「蒙德茶会」第一期,2020-08-14 12:00:41,53799,2627,2613,11431,12471,9420,815853
433,原神,BV1zZ4y1M7Qr,原神 – 实机画面预告片| PlayStation 4,2020-08-07 10:00:20,37636,14918,7639,7188,4919,3058,1040676
434,原神,BV145411Y7Mj,《原神》音乐动态视频-「蒙德一日」,2020-07-03 12:00:30,23963,1190,1640,5323,4937,1264,371600
435,原神,BV1eA411v78z,旅人的韵律——《原神》游戏音乐的幕后,2020-06-11 10:00:27,30664,5205,5250,13264,7294,2243,421202
436,原神,BV12A41187WG,《原神》海灯节活动实时过场动画-「汇成明霄」,2020-04-03 12:00:20,29672,8399,4380,9836,6243,1676,483071
437,原神,BV1Pz411b7cB,《原神》全新角色演示-「菲谢尔：幽夜之光」,2020-04-02 12:00:46,33232,4286,4207,10682,4992,1672,563979
438,原神,BV1tp411A7xb,《原神》全新角色预告-「菲谢尔还不能输」,2020-04-01 12:00:08,41909,15670,5011,11677,9387,5074,815653
439,原神,BV1D7411d7MJ,《原神》全新开场动画-「空中荧火」,2020-03-18 10:30:50,58110,19052,13487,17289,10859,4212,1296241
440,原神,BV1iE411L7LJ,《原神》「再临测试」前瞻，与安柏一同尽情观赏璃月风光！,2020-03-12 12:00:47,37904,7717,7586,13932,6412,5380,549246
441,原神,BV1MJ411H77i,《原神》新地区预告-「浮世浮生千岩间」,2020-01-14 15:10:24,34279,15165,10323,16742,8101,4817,2748849
442,原神,BV1SJ411t7kb,《原神》全新角色预告-「天星不照之处」,2019-12-20 12:00:47,21250,4045,4715,7009,3350,1236,518887
443,原神,BV1k4411f7LY,《原神》跟着安柏一起探索提瓦特大陆吧！,2019-08-01 19:00:56,19694,6198,14053,10008,5052,5199,549074
444,原神,BV1P4411T73c,《原神》序章PV：捕风的异乡人,2019-06-08 11:31:11,28877,22992,28801,17078,8968,8575,1563189
