"Date","amount"
"2024-05-14","14625"
"2024-05-13","17730"
"2024-05-12","14943"
"2024-05-11","14554"
"2024-05-10","14042"
"2024-05-09","15632"
"2024-05-08","15646"
"2024-05-07","17790"
"2024-05-06","18412"
"2024-05-05","17688"
"2024-05-04","17441"
"2024-05-03","20539"
"2024-05-02","23454"
"2024-05-01","22356"
"2024-04-30","24356"
"2024-04-29","15665"
"2024-04-28","18240"
"2024-04-27","19300"
"2024-04-26","19540"
"2024-04-25","24107"
"2024-04-24","16514"
"2024-04-23","18166"
"2024-04-22","17637"
"2024-04-21","19871"
"2024-04-20","14012"
"2024-04-19","14328"
"2024-04-18","14103"
"2024-04-17","15399"
"2024-04-16","16310"
"2024-04-15","18483"
"2024-04-14","17685"
"2024-04-13","15803"
"2024-04-12","16813"
"2024-04-11","15802"
"2024-04-10","14838"
"2024-04-09","15636"
"2024-04-08","17316"
"2024-04-07","18136"
"2024-04-06","18867"
"2024-04-05","20289"
"2024-04-04","21818"
"2024-04-03","17924"
"2024-04-02","16314"
"2024-04-01","18442"
"2024-03-31","18492"
"2024-03-30","14764"
"2024-03-29","14237"
"2024-03-28","15959"
"2024-03-27","17655"
"2024-03-26","20277"
"2024-03-25","20002"
"2024-03-24","24286"
"2024-03-23","17866"
"2024-03-22","16797"
"2024-03-21","17047"
"2024-03-20","17840"
"2024-03-19","20281"
"2024-03-18","19754"
"2024-03-17","24825"
"2024-03-16","19087"
"2024-03-15","16484"
"2024-03-14","17688"
"2024-03-13","17592"
"2024-03-12","15711"
"2024-03-11","22117"
"2024-03-10","19700"
"2024-03-09","17772"
"2024-03-08","14150"
"2024-03-07","14441"
"2024-03-06","15772"
"2024-03-05","15687"
"2024-03-04","17812"
"2024-03-03","17855"
"2024-03-02","14863"
"2024-03-01","15854"
"2024-02-29","15255"
"2024-02-28","14511"
"2024-02-27","17104"
"2024-02-26","17842"
"2024-02-25","17652"
"2024-02-24","18089"
"2024-02-23","18141"
"2024-02-22","17852"
"2024-02-21","18259"
"2024-02-20","18370"
"2024-02-19","18455"
"2024-02-18","17645"
"2024-02-17","18338"
"2024-02-16","17253"
"2024-02-15","16119"
"2024-02-14","18897"
"2024-02-13","17844"
"2024-02-12","22185"
"2024-02-11","20399"
"2024-02-10","20618"
"2024-02-09","19566"
"2024-02-08","18564"
"2024-02-07","18953"
"2024-02-06","15711"
"2024-02-05","20234"
"2024-02-04","20940"
"2024-02-03","20274"
"2024-02-02","30505"
"2024-02-01","26951"
"2024-01-31","19076"
"2024-01-30","20259"
"2024-01-29","23388"
"2024-01-28","18245"
"2024-01-27","17625"
"2024-01-26","15883"
"2024-01-25","15879"
"2024-01-24","17624"
"2024-01-23","17710"
"2024-01-22","22839"
"2024-01-21","20966"
"2024-01-20","17605"
"2024-01-19","18365"
"2024-01-18","18451"
"2024-01-17","20221"
"2024-01-16","20476"
"2024-01-15","27646"
"2024-01-14","24571"
"2024-01-13","22225"
"2024-01-12","18665"
"2024-01-11","18469"
"2024-01-10","18283"
"2024-01-09","17764"
"2024-01-08","19680"
"2024-01-07","9397"
"2024-01-06","9447"
"2024-01-05","11708"
"2024-01-04","17223"
"2024-01-03","24418"
"2024-01-02","30157"
"2024-01-01","22859"
"2023-12-31","24500"
"2023-12-30","22759"
"2023-12-29","24986"
"2023-12-28","24453"
"2023-12-27","19730"
"2023-12-26","20106"
"2023-12-25","21243"
"2023-12-24","24546"
"2023-12-23","21131"
"2023-12-22","20332"
"2023-12-21","18556"
"2023-12-20","23624"
"2023-12-19","19811"
"2023-12-18","21519"
"2023-12-17","20869"
"2023-12-16","20837"
"2023-12-15","19965"
"2023-12-14","17728"
"2023-12-13","17736"
"2023-12-12","18275"
"2023-12-11","19105"
"2023-12-10","20426"
"2023-12-09","20251"
"2023-12-08","17029"
"2023-12-07","15576"
"2023-12-06","17622"
"2023-12-05","20249"
"2023-12-04","23566"
"2023-12-03","25920"
"2023-12-02","24522"
"2023-12-01","22329"
"2023-11-30","21252"
"2023-11-29","20953"
"2023-11-28","21607"
"2023-11-27","24361"
"2023-11-26","25131"
"2023-11-25","28669"
"2023-11-24","21840"
"2023-11-23","23865"
"2023-11-22","23432"
"2023-11-21","26998"
"2023-11-20","27466"
"2023-11-19","29929"
"2023-11-18","26995"
"2023-11-17","24549"
"2023-11-16","23660"
"2023-11-15","24413"
"2023-11-14","24931"
"2023-11-13","29129"
"2023-11-12","30107"
"2023-11-11","36163"
"2023-11-10","30351"
"2023-11-09","30065"
"2023-11-08","31827"
"2023-11-07","24320"
"2023-11-06","28131"
"2023-11-05","29946"
"2023-11-04","27816"
"2023-11-03","21889"
"2023-11-02","21179"
"2023-11-01","21230"
"2023-10-31","22055"
"2023-10-30","24805"
"2023-10-29","29083"
"2023-10-28","25089"
"2023-10-27","24491"
"2023-10-26","24403"
"2023-10-25","25484"
"2023-10-24","28556"
"2023-10-23","30082"
"2023-10-22","36903"
"2023-10-21","28104"
"2023-10-20","23649"
"2023-10-19","26000"
"2023-10-18","24120"
"2023-10-17","24231"
"2023-10-16","28762"
"2023-10-15","39978"
"2023-10-14","40518"
"2023-10-13","27404"
"2023-10-12","24283"
"2023-10-11","21190"
"2023-10-10","20589"
"2023-10-09","20461"
"2023-10-08","25694"
"2023-10-07","28501"
"2023-10-06","30620"
"2023-10-05","36392"
"2023-10-04","29979"
"2023-10-03","29950"
"2023-10-02","30102"
"2023-10-01","30648"
"2023-09-30","30135"
"2023-09-29","33337"
"2023-09-28","25830"
"2023-09-27","24235"
"2023-09-26","19084"
"2023-09-25","19801"
"2023-09-24","24301"
"2023-09-23","24368"
"2023-09-22","16871"
"2023-09-21","17240"
"2023-09-20","18785"
"2023-09-19","19676"
"2023-09-18","24505"
"2023-09-17","27344"
"2023-09-16","29568"
"2023-09-15","20028"
"2023-09-14","17823"
"2023-09-13","20513"
"2023-09-12","18870"
"2023-09-11","23612"
"2023-09-10","24566"
"2023-09-09","23690"
"2023-09-08","19926"
"2023-09-07","17867"
"2023-09-06","20454"
"2023-09-05","17720"
"2023-09-04","18822"
"2023-09-03","19720"
"2023-09-02","21041"
"2023-09-01","21857"
"2023-08-31","20999"
"2023-08-30","21979"
"2023-08-29","23800"
"2023-08-28","22839"
"2023-08-27","24409"
"2023-08-26","24938"
"2023-08-25","23776"
"2023-08-24","28422"
"2023-08-23","28133"
"2023-08-22","22560"
"2023-08-21","23124"
"2023-08-20","24161"
"2023-08-19","24420"
"2023-08-18","26448"
"2023-08-17","29411"
"2023-08-16","29248"
"2023-08-15","25393"
"2023-08-14","24428"
"2023-08-13","24535"
"2023-08-12","24239"
"2023-08-11","24430"
"2023-08-10","19903"
"2023-08-09","20280"
"2023-08-08","20923"
"2023-08-07","21824"
"2023-08-06","20418"
"2023-08-05","20402"
"2023-08-04","19184"
"2023-08-03","20261"
"2023-08-02","20389"
"2023-08-01","20516"
"2023-07-31","19842"
"2023-07-30","20123"
"2023-07-29","20571"
"2023-07-28","23287"
"2023-07-27","23610"
"2023-07-26","24129"
"2023-07-25","28903"
"2023-07-24","22295"
"2023-07-23","20910"
"2023-07-22","24279"
"2023-07-21","24432"
"2023-07-20","20901"
"2023-07-19","19643"
"2023-07-18","20723"
"2023-07-17","20419"
"2023-07-16","20711"
"2023-07-15","20268"
"2023-07-14","20630"
"2023-07-13","24208"
"2023-07-12","22743"
"2023-07-11","29156"
"2023-07-10","29135"
"2023-07-09","30033"
"2023-07-08","30550"
"2023-07-07","30884"
"2023-07-06","30910"
"2023-07-05","32300"
"2023-07-04","29330"
"2023-07-03","29215"
"2023-07-02","28552"
"2023-07-01","31766"
"2023-06-30","28992"
"2023-06-29","28613"
"2023-06-28","26117"
"2023-06-27","28373"
"2023-06-26","29474"
"2023-06-25","29968"
"2023-06-24","28649"
"2023-06-23","29433"
"2023-06-22","30098"
"2023-06-21","28637"
"2023-06-20","29430"
"2023-06-19","26286"
"2023-06-18","27943"
"2023-06-17","29958"
"2023-06-16","31577"
"2023-06-15","31378"
"2023-06-14","30956"
"2023-06-13","30701"
"2023-06-12","28443"
"2023-06-11","28321"
"2023-06-10","29995"
"2023-06-09","23927"
"2023-06-08","20096"
"2023-06-07","19576"
"2023-06-06","24789"
"2023-06-05","24955"
"2023-06-04","29775"
"2023-06-03","29450"
"2023-06-02","24803"
"2023-06-01","23734"
"2023-05-31","20825"
"2023-05-30","24041"
"2023-05-29","24068"
"2023-05-28","29981"
"2023-05-27","29613"
"2023-05-26","23812"
"2023-05-25","24378"
"2023-05-24","23796"
"2023-05-23","24365"
"2023-05-22","24215"
"2023-05-21","27206"
"2023-05-20","24765"
"2023-05-19","20685"
"2023-05-18","19464"
"2023-05-17","24514"
"2023-05-16","24731"
"2023-05-15","28790"
"2023-05-14","27024"
"2023-05-13","27820"
"2023-05-12","27252"
"2023-05-11","28690"
"2023-05-10","27036"
"2023-05-09","22364"
"2023-05-08","28992"
"2023-05-07","30435"
"2023-05-06","26125"
"2023-05-05","26895"
"2023-05-04","33443"
"2023-05-03","31603"
"2023-05-02","35851"
"2023-05-01","31560"
"2023-04-30","33176"
"2023-04-29","30922"
"2023-04-28","29248"
"2023-04-27","28691"
"2023-04-26","19260"
"2023-04-25","21728"
"2023-04-24","29421"
"2023-04-23","28774"
"2023-04-22","24374"
"2023-04-21","19844"
"2023-04-20","19669"
"2023-04-19","19777"
"2023-04-18","25041"
"2023-04-17","26680"
"2023-04-16","28290"
"2023-04-15","32719"
"2023-04-14","29572"
"2023-04-13","25126"
"2023-04-12","40361"
"2023-04-11","30997"
"2023-04-10","31440"
"2023-04-09","38984"
"2023-04-08","27885"
"2023-04-07","29427"
"2023-04-06","39510"
"2023-04-05","36909"
"2023-04-04","31352"
"2023-04-03","36017"
"2023-04-02","31200"
"2023-04-01","24686"
"2023-03-31","27038"
"2023-03-30","27857"
"2023-03-29","29174"
"2023-03-28","30108"
"2023-03-27","30098"
"2023-03-26","32111"
"2023-03-25","31434"
"2023-03-24","29007"
"2023-03-23","32245"
"2023-03-22","33222"
"2023-03-21","32326"
"2023-03-20","39239"
"2023-03-19","37556"
"2023-03-18","31285"
"2023-03-17","29918"
"2023-03-16","31054"
"2023-03-15","31079"
"2023-03-14","33264"
"2023-03-13","43418"
"2023-03-12","41572"
"2023-03-11","31570"
"2023-03-10","31489"
"2023-03-09","38758"
"2023-03-08","42626"
"2023-03-07","44736"
"2023-03-06","45516"
"2023-03-05","39223"
"2023-03-04","40681"
"2023-03-03","38075"
"2023-03-02","39780"
"2023-03-01","38412"
"2023-02-28","36336"
"2023-02-27","42137"
"2023-02-26","40910"
"2023-02-25","36127"
"2023-02-24","32541"
"2023-02-23","26201"
"2023-02-22","30844"
"2023-02-21","29858"
"2023-02-20","45048"
"2023-02-19","50545"
"2023-02-18","40027"
"2023-02-17","39188"
"2023-02-16","37282"
"2023-02-15","36409"
"2023-02-14","43740"
"2023-02-13","40848"
"2023-02-12","42540"
"2023-02-11","47425"
"2023-02-10","39820"
"2023-02-09","42404"
"2023-02-08","58741"
"2023-02-07","41307"
"2023-02-06","31424"
"2023-02-05","29313"
"2023-02-04","31744"
"2023-02-03","31845"
"2023-02-02","28955"
"2023-02-01","30078"
"2023-01-31","33571"
"2023-01-30","29662"
"2023-01-29","32835"
"2023-01-28","24558"
"2023-01-27","31810"
"2023-01-26","29281"
"2023-01-25","31839"
"2023-01-24","35269"
"2023-01-23","30527"
"2023-01-22","45992"
"2023-01-21","36211"
"2023-01-20","58673"
"2023-01-19","43756"
"2023-01-18","43719"
"2023-01-17","42661"
"2023-01-16","40220"
"2023-01-15","37071"
"2023-01-14","39546"
"2023-01-13","39270"
"2023-01-12","33610"
"2023-01-11","52114"
"2023-01-10","43858"
"2023-01-09","42495"
"2023-01-08","42977"
"2023-01-07","41107"
"2023-01-06","47015"
"2023-01-05","37166"
"2023-01-04","35598"
"2023-01-03","41482"
"2023-01-02","42444"
"2023-01-01","39549"
"2022-12-31","36570"
"2022-12-30","39226"
"2022-12-29","38511"
"2022-12-28","40974"
"2022-12-27","38080"
"2022-12-26","30723"
"2022-12-25","33611"
"2022-12-24","32936"
"2022-12-23","42356"
"2022-12-22","38664"
"2022-12-21","40628"
"2022-12-20","36589"
"2022-12-19","42323"
"2022-12-18","42431"
"2022-12-17","50764"
"2022-12-16","50258"
"2022-12-15","35321"
"2022-12-14","41737"
"2022-12-13","32601"
"2022-12-12","58795"
"2022-12-11","53295"
"2022-12-10","58584"
"2022-12-09","75099"
"2022-12-08","43923"
"2022-12-07","31730"
"2022-12-06","15991"
"2022-12-05","29994"
"2022-12-04","32806"
"2022-12-03","31167"
"2022-12-02","37144"
"2022-12-01","29744"
"2022-11-30","37826"
"2022-11-29","36551"
"2022-11-28","27351"
"2022-11-27","31820"
"2022-11-26","29956"
"2022-11-25","28538"
"2022-11-24","30549"
"2022-11-23","27702"
"2022-11-22","38019"
"2022-11-21","41246"
"2022-11-20","37618"
"2022-11-19","38067"
"2022-11-18","37986"
"2022-11-17","39001"
"2022-11-16","42610"
"2022-11-15","44673"
"2022-11-14","41298"
"2022-11-13","38242"
"2022-11-12","41504"
"2022-11-11","41802"
"2022-11-10","42606"
"2022-11-09","39142"
"2022-11-08","42449"
"2022-11-07","58497"
"2022-11-06","38036"
"2022-11-05","30985"
"2022-11-04","41351"
"2022-11-03","39832"
"2022-11-02","27219"
"2022-11-01","31656"
"2022-10-31","22771"
"2022-10-30","30051"
"2022-10-29","27376"
"2022-10-28","27038"
"2022-10-27","28583"
"2022-10-26","28576"
"2022-10-25","31014"
"2022-10-24","32779"
"2022-10-23","41002"
"2022-10-22","29177"
"2022-10-21","29764"
"2022-10-20","26012"
"2022-10-19","23524"
"2022-10-18","30056"
"2022-10-17","29880"
"2022-10-16","31807"
"2022-10-15","30139"
"2022-10-14","27799"
"2022-10-13","24520"
"2022-10-12","24882"
"2022-10-11","29161"
"2022-10-10","25371"
"2022-10-09","23338"
"2022-10-08","28653"
"2022-10-07","30183"
"2022-10-06","30028"
"2022-10-05","33383"
"2022-10-04","33462"
"2022-10-03","35030"
"2022-10-02","33776"
"2022-10-01","39230"
"2022-09-30","32356"
"2022-09-29","13357"
"2022-09-28","22213"
"2022-09-27","23724"
"2022-09-26","22445"
"2022-09-25","26709"
"2022-09-24","22763"
"2022-09-23","26070"
"2022-09-22","25769"
"2022-09-21","26752"
"2022-09-20","31010"
"2022-09-19","32823"
"2022-09-18","30490"
"2022-09-17","24343"
"2022-09-16","23080"
"2022-09-15","27798"
"2022-09-14","25319"
"2022-09-13","42516"
"2022-09-12","42624"
"2022-09-11","50764"
"2022-09-10","39366"
"2022-09-09","29051"
"2022-09-08","31925"
"2022-09-07","35284"
"2022-09-06","40588"
"2022-09-05","38628"
"2022-09-04","41172"
"2022-09-03","36117"
"2022-09-02","36663"
"2022-09-01","26560"
"2022-08-31","32073"
"2022-08-30","42945"
"2022-08-29","35467"
"2022-08-28","42352"
"2022-08-27","40773"
"2022-08-26","42645"
"2022-08-25","40863"
"2022-08-24","41102"
"2022-08-23","25237"
"2022-08-22","25123"
"2022-08-21","25322"
"2022-08-20","24640"
"2022-08-19","25308"
"2022-08-18","24466"
"2022-08-17","25299"
"2022-08-16","25197"
"2022-08-15","24219"
"2022-08-14","24375"
"2022-08-13","22076"
"2022-08-12","23106"
"2022-08-11","23398"
"2022-08-10","30690"
"2022-08-09","31033"
"2022-08-08","26752"
"2022-08-07","27615"
"2022-08-06","37510"
"2022-08-05","37414"
"2022-08-04","40056"
"2022-08-03","44533"
"2022-08-02","42538"
"2022-08-01","42443"
"2022-07-31","55862"
"2022-07-30","38036"
"2022-07-29","34010"
"2022-07-28","31480"
"2022-07-27","30859"
"2022-07-26","27674"
"2022-07-25","35012"
"2022-07-24","39374"
"2022-07-23","40105"
"2022-07-22","42488"
"2022-07-21","32242"
"2022-07-20","35471"
"2022-07-19","42510"
"2022-07-18","35815"
"2022-07-17","36395"
"2022-07-16","35051"
"2022-07-15","35518"
"2022-07-14","37529"
"2022-07-13","39496"
"2022-07-12","28635"
"2022-07-11","29419"
"2022-07-10","29153"
"2022-07-09","28501"
"2022-07-08","29073"
"2022-07-07","29036"
"2022-07-06","28688"
"2022-07-05","29088"
"2022-07-04","30731"
"2022-07-03","33430"
"2022-07-02","29086"
"2022-07-01","28626"
"2022-06-30","28390"
"2022-06-29","28506"
"2022-06-28","30186"
"2022-06-27","31216"
"2022-06-26","30829"
"2022-06-25","29420"
"2022-06-24","29812"
"2022-06-23","28605"
"2022-06-22","27834"
"2022-06-21","27914"
"2022-06-20","29819"
"2022-06-19","29241"
"2022-06-18","28399"
"2022-06-17","28075"
"2022-06-16","28590"
"2022-06-15","29513"
"2022-06-14","31720"
"2022-06-13","33966"
"2022-06-12","34189"
"2022-06-11","31055"
"2022-06-10","29376"
"2022-06-09","28390"
"2022-06-08","29113"
"2022-06-07","33010"
"2022-06-06","35867"
"2022-06-05","39480"
"2022-06-04","43026"
"2022-06-03","42272"
"2022-06-02","35511"
"2022-06-01","33681"
"2022-05-31","30556"
"2022-05-30","29410"
"2022-05-29","29180"
"2022-05-28","27482"
"2022-05-27","25598"
"2022-05-26","25243"
"2022-05-25","25473"
"2022-05-24","26912"
"2022-05-23","29237"
"2022-05-22","31165"
"2022-05-21","29268"
"2022-05-20","29549"
"2022-05-19","29869"
"2022-05-18","29919"
"2022-05-17","31789"
"2022-05-16","34317"
"2022-05-15","35687"
"2022-05-14","31951"
"2022-05-13","30398"
"2022-05-12","30526"
"2022-05-11","32785"
"2022-05-10","34879"
"2022-05-09","40576"
"2022-05-08","42796"
"2022-05-07","40284"
"2022-05-06","34920"
"2022-05-05","37970"
"2022-05-04","40580"
"2022-05-03","44882"
"2022-05-02","48259"
"2022-05-01","45672"
"2022-04-30","39650"
"2022-04-29","31003"
"2022-04-28","27536"
"2022-04-27","26910"
"2022-04-26","29256"
"2022-04-25","30195"
"2022-04-24","33629"
"2022-04-23","34933"
"2022-04-22","32568"
"2022-04-21","28884"
"2022-04-20","29575"
"2022-04-19","31679"
"2022-04-18","35894"
"2022-04-17","37373"
"2022-04-16","36929"
"2022-04-15","36791"
"2022-04-14","33683"
"2022-04-13","30391"
"2022-04-12","34019"
"2022-04-11","37408"
"2022-04-10","41977"
"2022-04-09","41896"
"2022-04-08","45827"
"2022-04-07","44824"
"2022-04-06","46206"
"2022-04-05","45189"
"2022-04-04","45567"
"2022-04-03","40643"
"2022-04-02","35158"
"2022-04-01","34740"
"2022-03-31","31961"
"2022-03-30","29654"
"2022-03-29","32678"
"2022-03-28","35224"
"2022-03-27","36783"
"2022-03-26","35536"
"2022-03-25","34477"
"2022-03-24","32616"
"2022-03-23","35144"
"2022-03-22","38673"
"2022-03-21","42989"
"2022-03-20","45018"
"2022-03-19","47514"
"2022-03-18","47210"
"2022-03-17","41323"
"2022-03-16","37783"
"2022-03-15","36825"
"2022-03-14","37424"
"2022-03-13","40456"
"2022-03-12","37288"
"2022-03-11","33492"
"2022-03-10","34866"
"2022-03-09","37322"
"2022-03-08","33922"
"2022-03-07","30630"
"2022-03-06","30585"
"2022-03-05","26911"
"2022-03-04","24689"
"2022-03-03","24651"
"2022-03-02","24473"
"2022-03-01","27004"
"2022-02-28","29303"
"2022-02-27","31076"
"2022-02-26","28937"
"2022-02-25","27938"
"2022-02-24","28204"
"2022-02-23","28984"
"2022-02-22","30535"
"2022-02-21","32579"
"2022-02-20","36159"
"2022-02-19","35813"
"2022-02-18","33173"
"2022-02-17","27592"
"2022-02-16","25894"
"2022-02-15","25444"
"2022-02-14","26283"
"2022-02-13","26989"
"2022-02-12","26611"
"2022-02-11","26794"
"2022-02-10","27079"
"2022-02-09","27021"
"2022-02-08","28605"
"2022-02-07","30328"
"2022-02-06","32949"
"2022-02-05","36578"
"2022-02-04","39098"
"2022-02-03","38010"
"2022-02-02","38642"
"2022-02-01","38144"
"2022-01-31","36657"
"2022-01-30","35330"
"2022-01-29","35733"
"2022-01-28","37084"
"2022-01-27","37377"
"2022-01-26","38071"
"2022-01-25","34007"
"2022-01-24","31002"
"2022-01-23","32089"
"2022-01-22","33371"
"2022-01-21","36091"
"2022-01-20","37373"
"2022-01-19","37063"
"2022-01-18","38192"
"2022-01-17","38630"
"2022-01-16","38876"
"2022-01-15","38689"
"2022-01-14","30978"
"2022-01-13","30803"
"2022-01-12","32660"
"2022-01-11","33257"
"2022-01-10","32903"
"2022-01-09","33565"
"2022-01-08","33319"
"2022-01-07","26581"
"2022-01-06","29607"
"2022-01-05","29213"
"2022-01-04","24076"
"2022-01-03","26529"
"2022-01-02","26683"
"2022-01-01","27009"
"2021-12-31","21966"
"2021-12-30","21090"
"2021-12-29","20621"
"2021-12-28","21396"
"2021-12-27","22404"
"2021-12-26","22501"
"2021-12-25","21144"
"2021-12-24","20672"
"2021-12-23","20841"
"2021-12-22","21599"
"2021-12-21","23300"
"2021-12-20","25596"
"2021-12-19","26785"
"2021-12-18","24520"
"2021-12-17","22767"
"2021-12-16","21875"
"2021-12-15","22313"
"2021-12-14","23217"
"2021-12-13","24806"
"2021-12-12","26418"
"2021-12-11","23809"
"2021-12-10","21074"
"2021-12-09","18213"
"2021-12-08","19370"
"2021-12-07","20007"
"2021-12-06","21702"
"2021-12-05","22378"
"2021-12-04","22274"
"2021-12-03","19222"
"2021-12-02","19969"
"2021-12-01","20985"
"2021-11-30","23280"
"2021-11-29","24682"
"2021-11-28","25832"
"2021-11-27","24143"
"2021-11-26","19476"
"2021-11-25","20208"
"2021-11-24","20133"
"2021-11-23","20932"
"2021-11-22","23337"
"2021-11-21","23915"
"2021-11-20","23560"
"2021-11-19","18995"
"2021-11-18","19456"
"2021-11-17","19474"
"2021-11-16","20497"
"2021-11-15","22743"
"2021-11-14","23874"
"2021-11-13","21839"
"2021-11-12","19736"
"2021-11-11","20960"
"2021-11-10","23023"
"2021-11-09","24400"
"2021-11-08","25412"
"2021-11-07","26900"
"2021-11-06","25567"
"2021-11-05","23987"
"2021-11-04","25163"
"2021-11-03","27528"
"2021-11-02","27536"
"2021-11-01","22069"
"2021-10-31","22058"
"2021-10-30","21907"
"2021-10-29","18271"
"2021-10-28","18960"
"2021-10-27","18752"
"2021-10-26","19411"
"2021-10-25","21244"
"2021-10-24","23217"
"2021-10-23","21659"
"2021-10-22","20814"
"2021-10-21","21534"
"2021-10-20","22253"
"2021-10-19","23721"
"2021-10-18","27347"
"2021-10-17","32338"
"2021-10-16","29450"
"2021-10-15","26524"
"2021-10-14","28701"
"2021-10-13","31214"
"2021-10-12","32542"
"2021-10-11","28438"
"2021-10-10","23335"
"2021-10-09","19741"
"2021-10-08","24535"
"2021-10-07","26223"
"2021-10-06","28022"
"2021-10-05","28561"
"2021-10-04","29503"
"2021-10-03","30019"
"2021-10-02","29858"
"2021-10-01","28931"
"2021-09-30","21965"
"2021-09-29","21796"
"2021-09-28","21903"
"2021-09-27","22704"
"2021-09-26","24963"
"2021-09-25","25408"
"2021-09-24","26433"
"2021-09-23","32007"
"2021-09-22","30749"
"2021-09-21","31197"
"2021-09-20","30269"
"2021-09-19","28930"
"2021-09-18","22808"
"2021-09-17","24329"
"2021-09-16","23129"
"2021-09-15","22210"
"2021-09-14","26809"
"2021-09-13","27408"
"2021-09-12","29688"
"2021-09-11","29280"
"2021-09-10","27248"
"2021-09-09","27948"
"2021-09-08","26564"
"2021-09-07","27912"
"2021-09-06","31425"
"2021-09-05","32971"
"2021-09-04","30718"
"2021-09-03","29143"
"2021-09-02","29871"
"2021-09-01","28514"
"2021-08-31","20975"
"2021-08-30","20538"
"2021-08-29","21081"
"2021-08-28","21392"
"2021-08-27","21125"
"2021-08-26","21671"
"2021-08-25","23896"
"2021-08-24","24553"
"2021-08-23","24806"
"2021-08-22","23851"
"2021-08-21","23939"
"2021-08-20","26117"
"2021-08-19","27849"
"2021-08-18","27277"
"2021-08-17","26402"
"2021-08-16","26408"
"2021-08-15","25845"
"2021-08-14","25407"
"2021-08-13","26018"
"2021-08-12","26773"
"2021-08-11","28183"
"2021-08-10","27946"
"2021-08-09","26324"
"2021-08-08","28066"
"2021-08-07","31120"
"2021-08-06","37054"
"2021-08-05","38929"
"2021-08-04","22827"
"2021-08-03","21145"
"2021-08-02","20659"
"2021-08-01","20603"
"2021-07-31","20839"
"2021-07-30","21662"
"2021-07-29","21437"
"2021-07-28","22124"
"2021-07-27","23276"
"2021-07-26","24236"
"2021-07-25","24015"
"2021-07-24","24614"
"2021-07-23","27026"
"2021-07-22","28766"
"2021-07-21","27470"
"2021-07-20","18880"
"2021-07-19","19144"
"2021-07-18","18793"
"2021-07-17","18267"
"2021-07-16","18208"
"2021-07-15","18943"
"2021-07-14","19429"
"2021-07-13","20731"
"2021-07-12","19559"
"2021-07-11","19812"
"2021-07-10","19975"
"2021-07-09","20171"
"2021-07-08","19992"
"2021-07-07","20172"
"2021-07-06","20716"
"2021-07-05","21604"
"2021-07-04","21805"
"2021-07-03","21499"
"2021-07-02","20292"
"2021-07-01","19295"
"2021-06-30","18976"
"2021-06-29","19334"
"2021-06-28","20205"
"2021-06-27","20106"
"2021-06-26","19769"
"2021-06-25","19261"
"2021-06-24","20141"
"2021-06-23","24348"
"2021-06-22","19877"
"2021-06-21","19364"
"2021-06-20","19164"
"2021-06-19","19299"
"2021-06-18","19086"
"2021-06-17","19678"
"2021-06-16","20776"
"2021-06-15","26090"
"2021-06-14","26456"
"2021-06-13","26459"
"2021-06-12","27308"
"2021-06-11","27391"
"2021-06-10","26748"
"2021-06-09","24246"
"2021-06-08","18142"
"2021-06-07","18727"
"2021-06-06","18732"
"2021-06-05","18861"
"2021-06-04","17211"
"2021-06-03","18627"
"2021-06-02","19239"
"2021-06-01","21147"
"2021-05-31","21570"
"2021-05-30","23246"
"2021-05-29","21852"
"2021-05-28","25976"
"2021-05-27","25689"
"2021-05-26","27055"
"2021-05-25","26967"
"2021-05-24","23403"
"2021-05-23","21701"
"2021-05-22","20428"
"2021-05-21","16093"
"2021-05-20","16898"
"2021-05-19","16324"
"2021-05-18","16607"
"2021-05-17","18825"
"2021-05-16","18487"
"2021-05-15","18519"
"2021-05-14","16033"
"2021-05-13","15043"
"2021-05-12","16365"
"2021-05-11","16051"
"2021-05-10","18597"
"2021-05-09","17838"
"2021-05-08","15484"
"2021-05-07","16448"
"2021-05-06","18877"
"2021-05-05","19086"
"2021-05-04","20411"
"2021-05-03","21198"
"2021-05-02","20061"
"2021-05-01","20016"
"2021-04-30","17811"
"2021-04-29","18529"
"2021-04-28","17548"
"2021-04-27","15188"
"2021-04-26","16613"
"2021-04-25","17868"
"2021-04-24","17607"
"2021-04-23","13437"
"2021-04-22","14276"
"2021-04-21","15686"
"2021-04-20","16104"
"2021-04-19","18941"
"2021-04-18","19280"
"2021-04-17","19914"
"2021-04-16","15983"
"2021-04-15","17327"
"2021-04-14","16762"
"2021-04-13","17420"
"2021-04-12","21100"
"2021-04-11","20628"
"2021-04-10","19999"
"2021-04-09","17485"
"2021-04-08","18854"
"2021-04-07","19211"
"2021-04-06","21915"
"2021-04-05","23872"
"2021-04-04","24194"
"2021-04-03","22194"
"2021-04-02","20404"
"2021-04-01","20765"
"2021-03-31","22279"
"2021-03-30","22249"
"2021-03-29","27373"
"2021-03-28","28721"
"2021-03-27","30190"
"2021-03-26","21948"
"2021-03-25","24713"
"2021-03-24","26804"
"2021-03-23","27841"
"2021-03-22","31575"
"2021-03-21","33815"
"2021-03-20","31816"
"2021-03-19","28615"
"2021-03-18","27976"
"2021-03-17","24956"
"2021-03-16","25836"
"2021-03-15","28717"
"2021-03-14","31118"
"2021-03-13","27622"
"2021-03-12","27298"
"2021-03-11","26592"
"2021-03-10","26170"
"2021-03-09","24469"
"2021-03-08","24648"
"2021-03-07","25052"
"2021-03-06","22498"
"2021-03-05","21506"
"2021-03-04","21049"
"2021-03-03","21035"
"2021-03-02","20947"
"2021-03-01","20579"
"2021-02-28","21625"
"2021-02-27","22269"
"2021-02-26","21383"
"2021-02-25","20608"
"2021-02-24","19879"
"2021-02-23","20009"
"2021-02-22","20341"
"2021-02-21","20867"
"2021-02-20","22166"
"2021-02-19","24013"
"2021-02-18","22923"
"2021-02-17","24531"
"2021-02-16","23851"
"2021-02-15","23314"
"2021-02-14","25649"
"2021-02-13","28269"
"2021-02-12","33519"
"2021-02-11","36302"
"2021-02-10","34666"
"2021-02-09","26910"
"2021-02-08","27009"
"2021-02-07","28128"
"2021-02-06","28031"
"2021-02-05","27346"
"2021-02-04","22494"
"2021-02-03","20129"
"2021-02-02","18813"
"2021-02-01","10709"
"2021-01-31","7798"
"2021-01-30","9331"
"2021-01-29","9341"
"2021-01-28","9127"
"2021-01-27","8364"
"2021-01-26","15932"
"2021-01-25","16773"
"2021-01-24","18339"
"2021-01-23","16852"
"2021-01-22","24428"
"2021-01-21","26873"
"2021-01-20","29479"
"2021-01-19","29428"
"2021-01-18","29540"
"2021-01-17","29488"
"2021-01-16","29583"
"2021-01-15","21444"
"2021-01-14","24375"
"2021-01-13","24415"
"2021-01-12","29462"
"2021-01-11","18823"
"2021-01-10","14206"
"2021-01-09","12212"
"2021-01-08","15887"
"2021-01-07","17056"
"2021-01-06","17002"
"2021-01-05","19273"
"2021-01-04","19180"
"2021-01-03","26920"
"2021-01-02","26928"
"2021-01-01","26920"
"2020-12-31","22936"
"2020-12-30","25459"
"2020-12-29","24380"
"2020-12-28","24061"
"2020-12-27","23882"
"2020-12-26","25410"
"2020-12-25","24733"
"2020-12-24","29396"
"2020-12-23","34432"
"2020-12-22","22418"
"2020-12-21","23522"
"2020-12-20","25497"
"2020-12-19","26256"
"2020-12-18","25232"
"2020-12-17","25103"
"2020-12-16","23405"
"2020-12-15","27699"
"2020-12-14","31241"
"2020-12-13","53461"
"2020-12-12","45268"
"2020-12-11","74742"
"2020-12-10","45098"
"2020-12-09","47751"
"2020-12-08","90855"
"2020-12-07","79364"
"2020-12-06","91087"
"2020-12-05","106689"
"2020-12-04","131160"
"2020-12-03","109889"
"2020-12-02","62966"
"2020-12-01","36931"
"2020-11-30","42531"
"2020-11-29","31958"
"2020-11-28","29955"
"2020-11-27","32394"
"2020-11-26","38853"
"2020-11-25","34968"
"2020-11-24","30407"
"2020-11-23","35855"
"2020-11-22","36324"
"2020-11-21","43258"
"2020-11-20","42438"
"2020-11-19","41862"
"2020-11-18","42760"
"2020-11-17","42153"
"2020-11-16","61080"
"2020-11-15","70302"
"2020-11-14","48614"
"2020-11-13","51361"
"2020-11-12","85690"
"2020-11-11","76868"
"2020-11-10","59746"
"2020-11-09","42625"
"2020-11-08","59299"
"2020-11-07","50224"
"2020-11-06","76435"
"2020-11-05","76231"
"2020-11-04","65824"
"2020-11-03","42326"
"2020-11-02","47020"
"2020-11-01","42636"
"2020-10-31","44375"
"2020-10-30","44383"
"2020-10-29","45733"
"2020-10-28","42546"
"2020-10-27","46244"
"2020-10-26","76646"
"2020-10-25","42077"
"2020-10-24","59479"
"2020-10-23","44441"
"2020-10-22","41309"
"2020-10-21","75944"
"2020-10-20","82850"
"2020-10-19","85312"
"2020-10-18","79892"
"2020-10-17","97490"
"2020-10-16","107413"
"2020-10-15","116148"
"2020-10-14","111289"
"2020-10-13","121485"
"2020-10-12","115327"
"2020-10-11","109703"
"2020-10-10","110416"
"2020-10-09","115726"
"2020-10-08","116795"
"2020-10-07","113302"
"2020-10-06","112760"
"2020-10-05","113399"
"2020-10-04","112494"
"2020-10-03","261772"
"2020-10-02","318579"
"2020-10-01","325064"
"2020-09-30","316764"
"2020-09-29","328164"
"2020-09-28","324152"
"2020-09-27","310539"
"2020-09-26","314471"
"2020-09-25","322620"
